{
  "fio version" : "fio-3.16",
  "timestamp" : 1698783991,
  "timestamp_ms" : 1698783991967,
  "time" : "Tue Oct 31 14:26:31 2023",
  "jobs" : [
    {
      "jobname" : "io_uring_sqthread_poll_1_readwrite_iodepth_1",
      "groupid" : 0,
      "error" : 0,
      "eta" : 0,
      "elapsed" : 10,
      "job options" : {
        "name" : "io_uring_sqthread_poll_1_readwrite_iodepth_1",
        "filename" : "data/io_uring_sqthread_poll_1_readwrite_iodepth_1.fio",
        "ioengine" : "io_uring",
        "sqthread_poll" : "1",
        "size" : "1m",
        "runtime" : "5",
        "ramp_time" : "4",
        "rw" : "readwrite",
        "direct" : "1",
        "iodepth" : "1"
      },
      "read" : {
        "io_bytes" : 141934592,
        "io_kbytes" : 138608,
        "bw_bytes" : 28381242,
        "bw" : 27716,
        "iops" : 6929.014197,
        "runtime" : 5001,
        "total_ios" : 34652,
        "short_ios" : 0,
        "drop_ios" : 0,
        "slat_ns" : {
          "min" : 0,
          "max" : 0,
          "mean" : 0.000000,
          "stddev" : 0.000000
        },
        "clat_ns" : {
          "min" : 27461,
          "max" : 3689501,
          "mean" : 115337.520836,
          "stddev" : 246800.818494,
          "percentile" : {
            "1.000000" : 35072,
            "5.000000" : 60160,
            "10.000000" : 61184,
            "20.000000" : 62720,
            "30.000000" : 63232,
            "40.000000" : 64256,
            "50.000000" : 65280,
            "60.000000" : 67072,
            "70.000000" : 96768,
            "80.000000" : 140288,
            "90.000000" : 150528,
            "95.000000" : 187392,
            "99.000000" : 708608,
            "99.500000" : 2867200,
            "99.900000" : 3063808,
            "99.950000" : 3162112,
            "99.990000" : 3457024
          }
        },
        "lat_ns" : {
          "min" : 27652,
          "max" : 3689692,
          "mean" : 115522.198372,
          "stddev" : 246800.848859
        },
        "bw_min" : 24512,
        "bw_max" : 30746,
        "bw_agg" : 99.989577,
        "bw_mean" : 27713.111111,
        "bw_dev" : 2495.106232,
        "bw_samples" : 9,
        "iops_min" : 6128,
        "iops_max" : 7686,
        "iops_mean" : 6928.222222,
        "iops_stddev" : 623.700605,
        "iops_samples" : 9
      },
      "write" : {
        "io_bytes" : 140881920,
        "io_kbytes" : 137580,
        "bw_bytes" : 28170749,
        "bw" : 27510,
        "iops" : 6877.624475,
        "runtime" : 5001,
        "total_ios" : 34395,
        "short_ios" : 0,
        "drop_ios" : 0,
        "slat_ns" : {
          "min" : 0,
          "max" : 0,
          "mean" : 0.000000,
          "stddev" : 0.000000
        },
        "clat_ns" : {
          "min" : 26379,
          "max" : 99066,
          "mean" : 28008.195784,
          "stddev" : 1870.853691,
          "percentile" : {
            "1.000000" : 26752,
            "5.000000" : 26752,
            "10.000000" : 26752,
            "20.000000" : 27008,
            "30.000000" : 27264,
            "40.000000" : 27520,
            "50.000000" : 27776,
            "60.000000" : 28032,
            "70.000000" : 28288,
            "80.000000" : 28544,
            "90.000000" : 28800,
            "95.000000" : 29312,
            "99.000000" : 36096,
            "99.500000" : 39680,
            "99.900000" : 49408,
            "99.950000" : 52992,
            "99.990000" : 61696
          }
        },
        "lat_ns" : {
          "min" : 26680,
          "max" : 99366,
          "mean" : 28313.792528,
          "stddev" : 1871.283288
        },
        "bw_min" : 24960,
        "bw_max" : 30155,
        "bw_agg" : 100.000000,
        "bw_mean" : 27539.888889,
        "bw_dev" : 2112.335700,
        "bw_samples" : 9,
        "iops_min" : 6240,
        "iops_max" : 7538,
        "iops_mean" : 6884.888889,
        "iops_stddev" : 527.967907,
        "iops_samples" : 9
      },
      "trim" : {
        "io_bytes" : 0,
        "io_kbytes" : 0,
        "bw_bytes" : 0,
        "bw" : 0,
        "iops" : 0.000000,
        "runtime" : 0,
        "total_ios" : 0,
        "short_ios" : 0,
        "drop_ios" : 0,
        "slat_ns" : {
          "min" : 0,
          "max" : 0,
          "mean" : 0.000000,
          "stddev" : 0.000000
        },
        "clat_ns" : {
          "min" : 0,
          "max" : 0,
          "mean" : 0.000000,
          "stddev" : 0.000000,
          "percentile" : {
            "1.000000" : 0,
            "5.000000" : 0,
            "10.000000" : 0,
            "20.000000" : 0,
            "30.000000" : 0,
            "40.000000" : 0,
            "50.000000" : 0,
            "60.000000" : 0,
            "70.000000" : 0,
            "80.000000" : 0,
            "90.000000" : 0,
            "95.000000" : 0,
            "99.000000" : 0,
            "99.500000" : 0,
            "99.900000" : 0,
            "99.950000" : 0,
            "99.990000" : 0
          }
        },
        "lat_ns" : {
          "min" : 0,
          "max" : 0,
          "mean" : 0.000000,
          "stddev" : 0.000000
        },
        "bw_min" : 0,
        "bw_max" : 0,
        "bw_agg" : 0.000000,
        "bw_mean" : 0.000000,
        "bw_dev" : 0.000000,
        "bw_samples" : 0,
        "iops_min" : 0,
        "iops_max" : 0,
        "iops_mean" : 0.000000,
        "iops_stddev" : 0.000000,
        "iops_samples" : 0
      },
      "sync" : {
        "lat_ns" : {
          "min" : 0,
          "max" : 0,
          "mean" : 0.000000,
          "stddev" : 0.000000,
          "percentile" : {
            "1.000000" : 0,
            "5.000000" : 0,
            "10.000000" : 0,
            "20.000000" : 0,
            "30.000000" : 0,
            "40.000000" : 0,
            "50.000000" : 0,
            "60.000000" : 0,
            "70.000000" : 0,
            "80.000000" : 0,
            "90.000000" : 0,
            "95.000000" : 0,
            "99.000000" : 0,
            "99.500000" : 0,
            "99.900000" : 0,
            "99.950000" : 0,
            "99.990000" : 0
          }
        },
        "total_ios" : 0
      },
      "job_runtime" : 5000,
      "usr_cpu" : 99.980000,
      "sys_cpu" : 0.000000,
      "ctx" : 10,
      "majf" : 0,
      "minf" : 16,
      "iodepth_level" : {
        "1" : 100.000000,
        "2" : 0.000000,
        "4" : 0.000000,
        "8" : 0.000000,
        "16" : 0.000000,
        "32" : 0.000000,
        ">=64" : 0.000000
      },
      "iodepth_submit" : {
        "0" : 0.000000,
        "4" : 0.000000,
        "8" : 0.000000,
        "16" : 0.000000,
        "32" : 0.000000,
        "64" : 0.000000,
        ">=64" : 0.000000
      },
      "iodepth_complete" : {
        "0" : 0.000000,
        "4" : 100.000000,
        "8" : 0.000000,
        "16" : 0.000000,
        "32" : 0.000000,
        "64" : 0.000000,
        ">=64" : 0.000000
      },
      "latency_ns" : {
        "2" : 0.000000,
        "4" : 0.000000,
        "10" : 0.000000,
        "20" : 0.000000,
        "50" : 0.000000,
        "100" : 0.000000,
        "250" : 0.000000,
        "500" : 0.000000,
        "750" : 0.000000,
        "1000" : 0.000000
      },
      "latency_us" : {
        "2" : 0.000000,
        "4" : 0.000000,
        "10" : 0.000000,
        "20" : 0.000000,
        "50" : 50.898663,
        "100" : 34.121685,
        "250" : 13.628398,
        "500" : 0.632902,
        "750" : 0.262140,
        "1000" : 0.034759
      },
      "latency_ms" : {
        "2" : 0.072414,
        "4" : 0.349038,
        "10" : 0.000000,
        "20" : 0.000000,
        "50" : 0.000000,
        "100" : 0.000000,
        "250" : 0.000000,
        "500" : 0.000000,
        "750" : 0.000000,
        "1000" : 0.000000,
        "2000" : 0.000000,
        ">=2000" : 0.000000
      },
      "latency_depth" : 1,
      "latency_target" : 0,
      "latency_percentile" : 100.000000,
      "latency_window" : 0
    }
  ],