{
  "fio version" : "fio-3.16",
  "timestamp" : 1698783963,
  "timestamp_ms" : 1698783963511,
  "time" : "Tue Oct 31 14:26:03 2023",
  "jobs" : [
    {
      "jobname" : "io_uring_readwrite_iodepth_32",
      "groupid" : 0,
      "error" : 0,
      "eta" : 0,
      "elapsed" : 10,
      "job options" : {
        "name" : "io_uring_readwrite_iodepth_32",
        "filename" : "data/io_uring_readwrite_iodepth_32.fio",
        "ioengine" : "io_uring",
        "size" : "1m",
        "runtime" : "5",
        "ramp_time" : "4",
        "rw" : "readwrite",
        "direct" : "1",
        "iodepth" : "32"
      },
      "read" : {
        "io_bytes" : 414027776,
        "io_kbytes" : 404324,
        "bw_bytes" : 82772446,
        "bw" : 80832,
        "iops" : 20203.118752,
        "runtime" : 5002,
        "total_ios" : 101056,
        "short_ios" : 0,
        "drop_ios" : 0,
        "slat_ns" : {
          "min" : 2054,
          "max" : 41989,
          "mean" : 3601.746537,
          "stddev" : 1585.630244
        },
        "clat_ns" : {
          "min" : 62357,
          "max" : 17911742,
          "mean" : 1419857.754781,
          "stddev" : 1087985.206463,
          "percentile" : {
            "1.000000" : 268288,
            "5.000000" : 411648,
            "10.000000" : 509952,
            "20.000000" : 667648,
            "30.000000" : 798720,
            "40.000000" : 946176,
            "50.000000" : 1138688,
            "60.000000" : 1368064,
            "70.000000" : 1630208,
            "80.000000" : 1957888,
            "90.000000" : 2605056,
            "95.000000" : 3227648,
            "99.000000" : 6062080,
            "99.500000" : 7372800,
            "99.900000" : 9633792,
            "99.950000" : 11337728,
            "99.990000" : 16449536
          }
        },
        "lat_ns" : {
          "min" : 65673,
          "max" : 17914767,
          "mean" : 1423569.363787,
          "stddev" : 1087908.858459
        },
        "bw_min" : 72904,
        "bw_max" : 91336,
        "bw_agg" : 99.987629,
        "bw_mean" : 80822.000000,
        "bw_dev" : 6353.785713,
        "bw_samples" : 10,
        "iops_min" : 18226,
        "iops_max" : 22834,
        "iops_mean" : 20205.500000,
        "iops_stddev" : 1588.446428,
        "iops_samples" : 10
      },
      "write" : {
        "io_bytes" : 414199808,
        "io_kbytes" : 404492,
        "bw_bytes" : 82806838,
        "bw" : 80866,
        "iops" : 20215.313874,
        "runtime" : 5002,
        "total_ios" : 101117,
        "short_ios" : 0,
        "drop_ios" : 0,
        "slat_ns" : {
          "min" : 2384,
          "max" : 349736,
          "mean" : 3830.882898,
          "stddev" : 2017.134229
        },
        "clat_ns" : {
          "min" : 11051,
          "max" : 788279,
          "mean" : 155271.633723,
          "stddev" : 135074.336767,
          "percentile" : {
            "1.000000" : 24192,
            "5.000000" : 24960,
            "10.000000" : 25728,
            "20.000000" : 30336,
            "30.000000" : 41216,
            "40.000000" : 69120,
            "50.000000" : 112128,
            "60.000000" : 158720,
            "70.000000" : 216064,
            "80.000000" : 280576,
            "90.000000" : 358400,
            "95.000000" : 419840,
            "99.000000" : 522240,
            "99.500000" : 561152,
            "99.900000" : 634880,
            "99.950000" : 659456,
            "99.990000" : 708608
          }
        },
        "lat_ns" : {
          "min" : 27051,
          "max" : 791645,
          "mean" : 159208.437289,
          "stddev" : 135256.938782
        },
        "bw_min" : 72784,
        "bw_max" : 91433,
        "bw_agg" : 100.000000,
        "bw_mean" : 80880.100000,
        "bw_dev" : 6203.386467,
        "bw_samples" : 10,
        "iops_min" : 18196,
        "iops_max" : 22858,
        "iops_mean" : 20220.000000,
        "iops_stddev" : 1550.799364,
        "iops_samples" : 10
      },
      "trim" : {
        "io_bytes" : 0,
        "io_kbytes" : 0,
        "bw_bytes" : 0,
        "bw" : 0,
        "iops" : 0.000000,
        "runtime" : 0,
        "total_ios" : 0,
        "short_ios" : 0,
        "drop_ios" : 0,
        "slat_ns" : {
          "min" : 0,
          "max" : 0,
          "mean" : 0.000000,
          "stddev" : 0.000000
        },
        "clat_ns" : {
          "min" : 0,
          "max" : 0,
          "mean" : 0.000000,
          "stddev" : 0.000000,
          "percentile" : {
            "1.000000" : 0,
            "5.000000" : 0,
            "10.000000" : 0,
            "20.000000" : 0,
            "30.000000" : 0,
            "40.000000" : 0,
            "50.000000" : 0,
            "60.000000" : 0,
            "70.000000" : 0,
            "80.000000" : 0,
            "90.000000" : 0,
            "95.000000" : 0,
            "99.000000" : 0,
            "99.500000" : 0,
            "99.900000" : 0,
            "99.950000" : 0,
            "99.990000" : 0
          }
        },
        "lat_ns" : {
          "min" : 0,
          "max" : 0,
          "mean" : 0.000000,
          "stddev" : 0.000000
        },
        "bw_min" : 0,
        "bw_max" : 0,
        "bw_agg" : 0.000000,
        "bw_mean" : 0.000000,
        "bw_dev" : 0.000000,
        "bw_samples" : 0,
        "iops_min" : 0,
        "iops_max" : 0,
        "iops_mean" : 0.000000,
        "iops_stddev" : 0.000000,
        "iops_samples" : 0
      },
      "sync" : {
        "lat_ns" : {
          "min" : 0,
          "max" : 0,
          "mean" : 0.000000,
          "stddev" : 0.000000,
          "percentile" : {
            "1.000000" : 0,
            "5.000000" : 0,
            "10.000000" : 0,
            "20.000000" : 0,
            "30.000000" : 0,
            "40.000000" : 0,
            "50.000000" : 0,
            "60.000000" : 0,
            "70.000000" : 0,
            "80.000000" : 0,
            "90.000000" : 0,
            "95.000000" : 0,
            "99.000000" : 0,
            "99.500000" : 0,
            "99.900000" : 0,
            "99.950000" : 0,
            "99.990000" : 0
          }
        },
        "total_ios" : 0
      },
      "job_runtime" : 5001,
      "usr_cpu" : 3.699260,
      "sys_cpu" : 19.256149,
      "ctx" : 184745,
      "majf" : 0,
      "minf" : 15,
      "iodepth_level" : {
        "1" : 0.000000,
        "2" : 0.000000,
        "4" : 0.000000,
        "8" : 0.000000,
        "16" : 0.000000,
        "32" : 100.000000,
        ">=64" : 0.000000
      },
      "iodepth_submit" : {
        "0" : 0.000000,
        "4" : 100.000000,
        "8" : 0.000000,
        "16" : 0.000000,
        "32" : 0.000000,
        "64" : 0.000000,
        ">=64" : 0.000000
      },
      "iodepth_complete" : {
        "0" : 0.000000,
        "4" : 99.999505,
        "8" : 0.000000,
        "16" : 0.000000,
        "32" : 0.100000,
        "64" : 0.000000,
        ">=64" : 0.000000
      },
      "latency_ns" : {
        "2" : 0.000000,
        "4" : 0.000000,
        "10" : 0.000000,
        "20" : 0.000000,
        "50" : 0.000000,
        "100" : 0.000000,
        "250" : 0.000000,
        "500" : 0.000000,
        "750" : 0.000000,
        "1000" : 0.000000
      },
      "latency_us" : {
        "2" : 0.000000,
        "4" : 0.000000,
        "10" : 0.000000,
        "20" : 0.025226,
        "50" : 17.073991,
        "100" : 6.560223,
        "250" : 14.562281,
        "500" : 15.813190,
        "750" : 9.046708,
        "1000" : 8.430898
      },
      "latency_ms" : {
        "2" : 19.132624,
        "4" : 8.190510,
        "10" : 1.136650,
        "20" : 0.043032,
        "50" : 0.000000,
        "100" : 0.000000,
        "250" : 0.000000,
        "500" : 0.000000,
        "750" : 0.000000,
        "1000" : 0.000000,
        "2000" : 0.000000,
        ">=2000" : 0.000000
      },
      "latency_depth" : 32,
      "latency_target" : 0,
      "latency_percentile" : 100.000000,
      "latency_window" : 0
    }
  ],