{
  "fio version" : "fio-3.16",
  "timestamp" : 1698784039,
  "timestamp_ms" : 1698784039820,
  "time" : "Tue Oct 31 14:27:19 2023",
  "jobs" : [
    {
      "jobname" : "io_uring_sqthread_poll_1_readwrite_iodepth_32",
      "groupid" : 0,
      "error" : 0,
      "eta" : 0,
      "elapsed" : 10,
      "job options" : {
        "name" : "io_uring_sqthread_poll_1_readwrite_iodepth_32",
        "filename" : "data/io_uring_sqthread_poll_1_readwrite_iodepth_32.fio",
        "ioengine" : "io_uring",
        "sqthread_poll" : "1",
        "size" : "1m",
        "runtime" : "5",
        "ramp_time" : "4",
        "rw" : "readwrite",
        "direct" : "1",
        "iodepth" : "32"
      },
      "read" : {
        "io_bytes" : 409321472,
        "io_kbytes" : 399728,
        "bw_bytes" : 81798855,
        "bw" : 79881,
        "iops" : 19967.426059,
        "runtime" : 5004,
        "total_ios" : 99917,
        "short_ios" : 0,
        "drop_ios" : 0,
        "slat_ns" : {
          "min" : 0,
          "max" : 0,
          "mean" : 0.000000,
          "stddev" : 0.000000
        },
        "clat_ns" : {
          "min" : 62938,
          "max" : 12387208,
          "mean" : 1441446.014590,
          "stddev" : 1093429.079828,
          "percentile" : {
            "1.000000" : 268288,
            "5.000000" : 415744,
            "10.000000" : 509952,
            "20.000000" : 659456,
            "30.000000" : 806912,
            "40.000000" : 954368,
            "50.000000" : 1138688,
            "60.000000" : 1384448,
            "70.000000" : 1646592,
            "80.000000" : 1974272,
            "90.000000" : 2736128,
            "95.000000" : 3424256,
            "99.000000" : 5865472,
            "99.500000" : 7372800,
            "99.900000" : 9371648,
            "99.950000" : 10158080,
            "99.990000" : 12255232
          }
        },
        "lat_ns" : {
          "min" : 63088,
          "max" : 12387368,
          "mean" : 1441604.540237,
          "stddev" : 1093429.115952
        },
        "bw_min" : 66400,
        "bw_max" : 97040,
        "bw_agg" : 100.000000,
        "bw_mean" : 79904.500000,
        "bw_dev" : 10223.022767,
        "bw_samples" : 10,
        "iops_min" : 16600,
        "iops_max" : 24260,
        "iops_mean" : 19976.100000,
        "iops_stddev" : 2555.763441,
        "iops_samples" : 10
      },
      "write" : {
        "io_bytes" : 410382336,
        "io_kbytes" : 400764,
        "bw_bytes" : 82010858,
        "bw" : 80088,
        "iops" : 20018.984812,
        "runtime" : 5004,
        "total_ios" : 100175,
        "short_ios" : 0,
        "drop_ios" : 0,
        "slat_ns" : {
          "min" : 0,
          "max" : 0,
          "mean" : 0.000000,
          "stddev" : 0.000000
        },
        "clat_ns" : {
          "min" : 28514,
          "max" : 747743,
          "mean" : 159333.830494,
          "stddev" : 134163.062094,
          "percentile" : {
            "1.000000" : 29568,
            "5.000000" : 30336,
            "10.000000" : 30848,
            "20.000000" : 35584,
            "30.000000" : 45824,
            "40.000000" : 73216,
            "50.000000" : 116224,
            "60.000000" : 164864,
            "70.000000" : 218112,
            "80.000000" : 284672,
            "90.000000" : 362496,
            "95.000000" : 419840,
            "99.000000" : 522240,
            "99.500000" : 561152,
            "99.900000" : 634880,
            "99.950000" : 659456,
            "99.990000" : 708608
          }
        },
        "lat_ns" : {
          "min" : 28774,
          "max" : 748003,
          "mean" : 159602.244633,
          "stddev" : 134164.645392
        },
        "bw_min" : 67008,
        "bw_max" : 96584,
        "bw_agg" : 100.000000,
        "bw_mean" : 80136.900000,
        "bw_dev" : 9560.001911,
        "bw_samples" : 10,
        "iops_min" : 16752,
        "iops_max" : 24146,
        "iops_mean" : 20034.200000,
        "iops_stddev" : 2390.003710,
        "iops_samples" : 10
      },
      "trim" : {
        "io_bytes" : 0,
        "io_kbytes" : 0,
        "bw_bytes" : 0,
        "bw" : 0,
        "iops" : 0.000000,
        "runtime" : 0,
        "total_ios" : 0,
        "short_ios" : 0,
        "drop_ios" : 0,
        "slat_ns" : {
          "min" : 0,
          "max" : 0,
          "mean" : 0.000000,
          "stddev" : 0.000000
        },
        "clat_ns" : {
          "min" : 0,
          "max" : 0,
          "mean" : 0.000000,
          "stddev" : 0.000000,
          "percentile" : {
            "1.000000" : 0,
            "5.000000" : 0,
            "10.000000" : 0,
            "20.000000" : 0,
            "30.000000" : 0,
            "40.000000" : 0,
            "50.000000" : 0,
            "60.000000" : 0,
            "70.000000" : 0,
            "80.000000" : 0,
            "90.000000" : 0,
            "95.000000" : 0,
            "99.000000" : 0,
            "99.500000" : 0,
            "99.900000" : 0,
            "99.950000" : 0,
            "99.990000" : 0
          }
        },
        "lat_ns" : {
          "min" : 0,
          "max" : 0,
          "mean" : 0.000000,
          "stddev" : 0.000000
        },
        "bw_min" : 0,
        "bw_max" : 0,
        "bw_agg" : 0.000000,
        "bw_mean" : 0.000000,
        "bw_dev" : 0.000000,
        "bw_samples" : 0,
        "iops_min" : 0,
        "iops_max" : 0,
        "iops_mean" : 0.000000,
        "iops_stddev" : 0.000000,
        "iops_samples" : 0
      },
      "sync" : {
        "lat_ns" : {
          "min" : 0,
          "max" : 0,
          "mean" : 0.000000,
          "stddev" : 0.000000,
          "percentile" : {
            "1.000000" : 0,
            "5.000000" : 0,
            "10.000000" : 0,
            "20.000000" : 0,
            "30.000000" : 0,
            "40.000000" : 0,
            "50.000000" : 0,
            "60.000000" : 0,
            "70.000000" : 0,
            "80.000000" : 0,
            "90.000000" : 0,
            "95.000000" : 0,
            "99.000000" : 0,
            "99.500000" : 0,
            "99.900000" : 0,
            "99.950000" : 0,
            "99.990000" : 0
          }
        },
        "total_ios" : 0
      },
      "job_runtime" : 5003,
      "usr_cpu" : 99.920048,
      "sys_cpu" : 0.000000,
      "ctx" : 6,
      "majf" : 0,
      "minf" : 15,
      "iodepth_level" : {
        "1" : 0.000000,
        "2" : 0.000000,
        "4" : 0.000000,
        "8" : 0.000000,
        "16" : 0.000000,
        "32" : 100.000000,
        ">=64" : 0.000000
      },
      "iodepth_submit" : {
        "0" : 0.000000,
        "4" : 0.000000,
        "8" : 0.000000,
        "16" : 0.000000,
        "32" : 0.000000,
        "64" : 0.000000,
        ">=64" : 0.000000
      },
      "iodepth_complete" : {
        "0" : 0.000000,
        "4" : 99.999500,
        "8" : 0.000000,
        "16" : 0.000000,
        "32" : 0.100000,
        "64" : 0.000000,
        ">=64" : 0.000000
      },
      "latency_ns" : {
        "2" : 0.000000,
        "4" : 0.000000,
        "10" : 0.000000,
        "20" : 0.000000,
        "50" : 0.000000,
        "100" : 0.000000,
        "250" : 0.000000,
        "500" : 0.000000,
        "750" : 0.000000,
        "1000" : 0.000000
      },
      "latency_us" : {
        "2" : 0.000000,
        "4" : 0.000000,
        "10" : 0.000000,
        "20" : 0.000000,
        "50" : 16.290007,
        "100" : 7.035264,
        "250" : 14.613778,
        "500" : 16.104592,
        "750" : 9.064330,
        "1000" : 8.360154
      },
      "latency_ms" : {
        "2" : 18.821842,
        "4" : 8.449113,
        "10" : 1.250925,
        "20" : 0.025488,
        "50" : 0.000000,
        "100" : 0.000000,
        "250" : 0.000000,
        "500" : 0.000000,
        "750" : 0.000000,
        "1000" : 0.000000,
        "2000" : 0.000000,
        ">=2000" : 0.000000
      },
      "latency_depth" : 32,
      "latency_target" : 0,
      "latency_percentile" : 100.000000,