{
  "fio version" : "fio-3.16",
  "timestamp" : 1698783925,
  "timestamp_ms" : 1698783925713,
  "time" : "Tue Oct 31 14:25:25 2023",
  "jobs" : [
    {
      "jobname" : "io_uring_readwrite_iodepth_2",
      "groupid" : 0,
      "error" : 0,
      "eta" : 0,
      "elapsed" : 10,
      "job options" : {
        "name" : "io_uring_readwrite_iodepth_2",
        "filename" : "data/io_uring_readwrite_iodepth_2.fio",
        "ioengine" : "io_uring",
        "size" : "1m",
        "runtime" : "5",
        "ramp_time" : "4",
        "rw" : "readwrite",
        "direct" : "1",
        "iodepth" : "2"
      },
      "read" : {
        "io_bytes" : 224735232,
        "io_kbytes" : 219468,
        "bw_bytes" : 44938058,
        "bw" : 43884,
        "iops" : 10971.205759,
        "runtime" : 5001,
        "total_ios" : 54867,
        "short_ios" : 0,
        "drop_ios" : 0,
        "slat_ns" : {
          "min" : 3246,
          "max" : 25208,
          "mean" : 4057.982284,
          "stddev" : 1105.882067
        },
        "clat_ns" : {
          "min" : 26038,
          "max" : 4059325,
          "mean" : 142521.460350,
          "stddev" : 289956.851312,
          "percentile" : {
            "1.000000" : 44288,
            "5.000000" : 61184,
            "10.000000" : 62720,
            "20.000000" : 64768,
            "30.000000" : 66048,
            "40.000000" : 69120,
            "50.000000" : 77312,
            "60.000000" : 103936,
            "70.000000" : 132096,
            "80.000000" : 150528,
            "90.000000" : 193536,
            "95.000000" : 257024,
            "99.000000" : 1712128,
            "99.500000" : 2932736,
            "99.900000" : 3129344,
            "99.950000" : 3194880,
            "99.990000" : 3424256
          }
        },
        "lat_ns" : {
          "min" : 33052,
          "max" : 4063283,
          "mean" : 146650.442397,
          "stddev" : 289932.890321
        },
        "bw_min" : 32360,
        "bw_max" : 52104,
        "bw_agg" : 100.000000,
        "bw_mean" : 44168.222222,
        "bw_dev" : 6976.194410,
        "bw_samples" : 9,
        "iops_min" : 8090,
        "iops_max" : 13026,
        "iops_mean" : 11042.000000,
        "iops_stddev" : 1743.989105,
        "iops_samples" : 9
      },
      "write" : {
        "io_bytes" : 223539200,
        "io_kbytes" : 218300,
        "bw_bytes" : 44698900,
        "bw" : 43651,
        "iops" : 10912.617477,
        "runtime" : 5001,
        "total_ios" : 54574,
        "short_ios" : 0,
        "drop_ios" : 0,
        "slat_ns" : {
          "min" : 3306,
          "max" : 19938,
          "mean" : 4225.745630,
          "stddev" : 1073.131978
        },
        "clat_ns" : {
          "min" : 24285,
          "max" : 163447,
          "mean" : 30747.171324,
          "stddev" : 5155.853207,
          "percentile" : {
            "1.000000" : 25472,
            "5.000000" : 26752,
            "10.000000" : 27008,
            "20.000000" : 27520,
            "30.000000" : 28032,
            "40.000000" : 28544,
            "50.000000" : 29824,
            "60.000000" : 30592,
            "70.000000" : 31360,
            "80.000000" : 32128,
            "90.000000" : 35072,
            "95.000000" : 39168,
            "99.000000" : 58624,
            "99.500000" : 61696,
            "99.900000" : 65280,
            "99.950000" : 68096,
            "99.990000" : 79360
          }
        },
        "lat_ns" : {
          "min" : 30086,
          "max" : 167484,
          "mean" : 35045.241228,
          "stddev" : 5106.290281
        },
        "bw_min" : 32984,
        "bw_max" : 53024,
        "bw_agg" : 100.000000,
        "bw_mean" : 43952.444444,
        "bw_dev" : 6641.717382,
        "bw_samples" : 9,
        "iops_min" : 8246,
        "iops_max" : 13256,
        "iops_mean" : 10988.111111,
        "iops_stddev" : 1660.429345,
        "iops_samples" : 9
      },
      "trim" : {
        "io_bytes" : 0,
        "io_kbytes" : 0,
        "bw_bytes" : 0,
        "bw" : 0,
        "iops" : 0.000000,
        "runtime" : 0,
        "total_ios" : 0,
        "short_ios" : 0,
        "drop_ios" : 0,
        "slat_ns" : {
          "min" : 0,
          "max" : 0,
          "mean" : 0.000000,
          "stddev" : 0.000000
        },
        "clat_ns" : {
          "min" : 0,
          "max" : 0,
          "mean" : 0.000000,
          "stddev" : 0.000000,
          "percentile" : {
            "1.000000" : 0,
            "5.000000" : 0,
            "10.000000" : 0,
            "20.000000" : 0,
            "30.000000" : 0,
            "40.000000" : 0,
            "50.000000" : 0,
            "60.000000" : 0,
            "70.000000" : 0,
            "80.000000" : 0,
            "90.000000" : 0,
            "95.000000" : 0,
            "99.000000" : 0,
            "99.500000" : 0,
            "99.900000" : 0,
            "99.950000" : 0,
            "99.990000" : 0
          }
        },
        "lat_ns" : {
          "min" : 0,
          "max" : 0,
          "mean" : 0.000000,
          "stddev" : 0.000000
        },
        "bw_min" : 0,
        "bw_max" : 0,
        "bw_agg" : 0.000000,
        "bw_mean" : 0.000000,
        "bw_dev" : 0.000000,
        "bw_samples" : 0,
        "iops_min" : 0,
        "iops_max" : 0,
        "iops_mean" : 0.000000,
        "iops_stddev" : 0.000000,
        "iops_samples" : 0
      },
      "sync" : {
        "lat_ns" : {
          "min" : 0,
          "max" : 0,
          "mean" : 0.000000,
          "stddev" : 0.000000,
          "percentile" : {
            "1.000000" : 0,
            "5.000000" : 0,
            "10.000000" : 0,
            "20.000000" : 0,
            "30.000000" : 0,
            "40.000000" : 0,
            "50.000000" : 0,
            "60.000000" : 0,
            "70.000000" : 0,
            "80.000000" : 0,
            "90.000000" : 0,
            "95.000000" : 0,
            "99.000000" : 0,
            "99.500000" : 0,
            "99.900000" : 0,
            "99.950000" : 0,
            "99.990000" : 0
          }
        },
        "total_ios" : 0
      },
      "job_runtime" : 5000,
      "usr_cpu" : 1.780000,
      "sys_cpu" : 11.940000,
      "ctx" : 105390,
      "majf" : 0,
      "minf" : 15,
      "iodepth_level" : {
        "1" : 0.000000,
        "2" : 100.000000,
        "4" : 0.000000,
        "8" : 0.000000,
        "16" : 0.000000,
        "32" : 0.000000,
        ">=64" : 0.000000
      },
      "iodepth_submit" : {
        "0" : 0.000000,
        "4" : 100.000000,
        "8" : 0.000000,
        "16" : 0.000000,
        "32" : 0.000000,
        "64" : 0.000000,
        ">=64" : 0.000000
      },
      "iodepth_complete" : {
        "0" : 0.000000,
        "4" : 100.000000,
        "8" : 0.000000,
        "16" : 0.000000,
        "32" : 0.000000,
        "64" : 0.000000,
        ">=64" : 0.000000
      },
      "latency_ns" : {
        "2" : 0.000000,
        "4" : 0.000000,
        "10" : 0.000000,
        "20" : 0.000000,
        "50" : 0.000000,
        "100" : 0.000000,
        "250" : 0.000000,
        "500" : 0.000000,
        "750" : 0.000000,
        "1000" : 0.000000
      },
      "latency_us" : {
        "2" : 0.000000,
        "4" : 0.000000,
        "10" : 0.000000,
        "20" : 0.000000,
        "50" : 49.579225,
        "100" : 29.867234,
        "250" : 17.931123,
        "500" : 1.395272,
        "750" : 0.516260,
        "1000" : 0.127923
      },
      "latency_ms" : {
        "2" : 0.106907,
        "4" : 0.475142,
        "10" : 0.010000,
        "20" : 0.000000,
        "50" : 0.000000,
        "100" : 0.000000,
        "250" : 0.000000,
        "500" : 0.000000,
        "750" : 0.000000,
        "1000" : 0.000000,
        "2000" : 0.000000,
        ">=2000" : 0.000000
      },
      "latency_depth" : 2,
      "latency_target" : 0,
      "latency_percentile" : 100.000000,
      "latency_window" : 0
    }
  ],
  "disk_util" : [
    {
      "name" : "sda",