{
  "fio version" : "fio-3.16",
  "timestamp" : 1698784020,
  "timestamp_ms" : 1698784020684,
  "time" : "Tue Oct 31 14:27:00 2023",
  "jobs" : [
    {
      "jobname" : "io_uring_sqthread_poll_1_readwrite_iodepth_8",
      "groupid" : 0,
      "error" : 0,
      "eta" : 0,
      "elapsed" : 10,
      "job options" : {
        "name" : "io_uring_sqthread_poll_1_readwrite_iodepth_8",
        "filename" : "data/io_uring_sqthread_poll_1_readwrite_iodepth_8.fio",
        "ioengine" : "io_uring",
        "sqthread_poll" : "1",
        "size" : "1m",
        "runtime" : "5",
        "ramp_time" : "4",
        "rw" : "readwrite",
        "direct" : "1",
        "iodepth" : "8"
      },
      "read" : {
        "io_bytes" : 332869632,
        "io_kbytes" : 325068,
        "bw_bytes" : 66560614,
        "bw" : 65000,
        "iops" : 16248.750250,
        "runtime" : 5001,
        "total_ios" : 81260,
        "short_ios" : 0,
        "drop_ios" : 0,
        "slat_ns" : {
          "min" : 0,
          "max" : 0,
          "mean" : 0.000000,
          "stddev" : 0.000000
        },
        "clat_ns" : {
          "min" : 66165,
          "max" : 4588127,
          "mean" : 434119.049442,
          "stddev" : 597047.307289,
          "percentile" : {
            "1.000000" : 116224,
            "5.000000" : 140288,
            "10.000000" : 156672,
            "20.000000" : 187392,
            "30.000000" : 218112,
            "40.000000" : 242688,
            "50.000000" : 268288,
            "60.000000" : 305152,
            "70.000000" : 346112,
            "80.000000" : 419840,
            "90.000000" : 626688,
            "95.000000" : 1286144,
            "99.000000" : 3293184,
            "99.500000" : 3457024,
            "99.900000" : 3817472,
            "99.950000" : 3915776,
            "99.990000" : 4177920
          }
        },
        "lat_ns" : {
          "min" : 66355,
          "max" : 4588317,
          "mean" : 434306.264179,
          "stddev" : 597047.399836
        },
        "bw_min" : 48304,
        "bw_max" : 83848,
        "bw_agg" : 99.924103,
        "bw_mean" : 64950.666667,
        "bw_dev" : 12107.816979,
        "bw_samples" : 9,
        "iops_min" : 12076,
        "iops_max" : 20962,
        "iops_mean" : 16237.666667,
        "iops_stddev" : 3026.954245,
        "iops_samples" : 9
      },
      "write" : {
        "io_bytes" : 334475264,
        "io_kbytes" : 326636,
        "bw_bytes" : 66881676,
        "bw" : 65314,
        "iops" : 16328.534293,
        "runtime" : 5001,
        "total_ios" : 81659,
        "short_ios" : 0,
        "drop_ios" : 0,
        "slat_ns" : {
          "min" : 0,
          "max" : 0,
          "mean" : 0.000000,
          "stddev" : 0.000000
        },
        "clat_ns" : {
          "min" : 28854,
          "max" : 272912,
          "mean" : 56642.101189,
          "stddev" : 25737.463713,
          "percentile" : {
            "1.000000" : 29568,
            "5.000000" : 30336,
            "10.000000" : 31104,
            "20.000000" : 34048,
            "30.000000" : 38656,
            "40.000000" : 43776,
            "50.000000" : 48384,
            "60.000000" : 56576,
            "70.000000" : 66048,
            "80.000000" : 78336,
            "90.000000" : 92672,
            "95.000000" : 102912,
            "99.000000" : 140288,
            "99.500000" : 160768,
            "99.900000" : 207872,
            "99.950000" : 218112,
            "99.990000" : 240640
          }
        },
        "lat_ns" : {
          "min" : 29184,
          "max" : 273233,
          "mean" : 56957.859268,
          "stddev" : 25736.471642
        },
        "bw_min" : 49240,
        "bw_max" : 84752,
        "bw_agg" : 99.887212,
        "bw_mean" : 65240.333333,
        "bw_dev" : 11888.051691,
        "bw_samples" : 9,
        "iops_min" : 12310,
        "iops_max" : 21188,
        "iops_mean" : 16310.000000,
        "iops_stddev" : 2972.003701,
        "iops_samples" : 9
      },
      "trim" : {
        "io_bytes" : 0,
        "io_kbytes" : 0,
        "bw_bytes" : 0,
        "bw" : 0,
        "iops" : 0.000000,
        "runtime" : 0,
        "total_ios" : 0,
        "short_ios" : 0,
        "drop_ios" : 0,
        "slat_ns" : {
          "min" : 0,
          "max" : 0,
          "mean" : 0.000000,
          "stddev" : 0.000000
        },
        "clat_ns" : {
          "min" : 0,
          "max" : 0,
          "mean" : 0.000000,
          "stddev" : 0.000000,
          "percentile" : {
            "1.000000" : 0,
            "5.000000" : 0,
            "10.000000" : 0,
            "20.000000" : 0,
            "30.000000" : 0,
            "40.000000" : 0,
            "50.000000" : 0,
            "60.000000" : 0,
            "70.000000" : 0,
            "80.000000" : 0,
            "90.000000" : 0,
            "95.000000" : 0,
            "99.000000" : 0,
            "99.500000" : 0,
            "99.900000" : 0,
            "99.950000" : 0,
            "99.990000" : 0
          }
        },
        "lat_ns" : {
          "min" : 0,
          "max" : 0,
          "mean" : 0.000000,
          "stddev" : 0.000000
        },
        "bw_min" : 0,
        "bw_max" : 0,
        "bw_agg" : 0.000000,
        "bw_mean" : 0.000000,
        "bw_dev" : 0.000000,
        "bw_samples" : 0,
        "iops_min" : 0,
        "iops_max" : 0,
        "iops_mean" : 0.000000,
        "iops_stddev" : 0.000000,
        "iops_samples" : 0
      },
      "sync" : {
        "lat_ns" : {
          "min" : 0,
          "max" : 0,
          "mean" : 0.000000,
          "stddev" : 0.000000,
          "percentile" : {
            "1.000000" : 0,
            "5.000000" : 0,
            "10.000000" : 0,
            "20.000000" : 0,
            "30.000000" : 0,
            "40.000000" : 0,
            "50.000000" : 0,
            "60.000000" : 0,
            "70.000000" : 0,
            "80.000000" : 0,
            "90.000000" : 0,
            "95.000000" : 0,
            "99.000000" : 0,
            "99.500000" : 0,
            "99.900000" : 0,
            "99.950000" : 0,
            "99.990000" : 0
          }
        },
        "total_ios" : 0
      },
      "job_runtime" : 5000,
      "usr_cpu" : 100.000000,
      "sys_cpu" : 0.000000,
      "ctx" : 2,
      "majf" : 0,
      "minf" : 16,
      "iodepth_level" : {
        "1" : 0.000000,
        "2" : 0.000000,
        "4" : 0.000000,
        "8" : 100.000000,
        "16" : 0.000000,
        "32" : 0.000000,
        ">=64" : 0.000000
      },
      "iodepth_submit" : {
        "0" : 0.000000,
        "4" : 0.000000,
        "8" : 0.000000,
        "16" : 0.000000,
        "32" : 0.000000,
        "64" : 0.000000,
        ">=64" : 0.000000
      },
      "iodepth_complete" : {
        "0" : 0.000000,
        "4" : 99.999386,
        "8" : 0.100000,
        "16" : 0.000000,
        "32" : 0.000000,
        "64" : 0.000000,
        ">=64" : 0.000000
      },
      "latency_ns" : {
        "2" : 0.000000,
        "4" : 0.000000,
        "10" : 0.000000,
        "20" : 0.000000,
        "50" : 0.000000,
        "100" : 0.000000,
        "250" : 0.000000,
        "500" : 0.000000,
        "750" : 0.000000,
        "1000" : 0.000000
      },
      "latency_us" : {
        "2" : 0.000000,
        "4" : 0.000000,
        "10" : 0.000000,
        "20" : 0.000000,
        "50" : 26.508879,
        "100" : 20.642773,
        "250" : 24.185638,
        "500" : 21.481227,
        "750" : 3.072693,
        "1000" : 1.274253
      },
      "latency_ms" : {
        "2" : 0.607664,
        "4" : 2.218280,
        "10" : 0.012890,
        "20" : 0.000000,
        "50" : 0.000000,
        "100" : 0.000000,
        "250" : 0.000000,
        "500" : 0.000000,
        "750" : 0.000000,
        "1000" : 0.000000,
        "2000" : 0.000000,
        ">=2000" : 0.000000
      },
      "latency_depth" : 8,
      "latency_target" : 0,
      "latency_percentile" : 100.000000,