{
  "fio version" : "fio-3.16",
  "timestamp" : 1698784030,
  "timestamp_ms" : 1698784030252,
  "time" : "Tue Oct 31 14:27:10 2023",
  "jobs" : [
    {
      "jobname" : "io_uring_sqthread_poll_1_readwrite_iodepth_16",
      "groupid" : 0,
      "error" : 0,
      "eta" : 0,
      "elapsed" : 10,
      "job options" : {
        "name" : "io_uring_sqthread_poll_1_readwrite_iodepth_16",
        "filename" : "data/io_uring_sqthread_poll_1_readwrite_iodepth_16.fio",
        "ioengine" : "io_uring",
        "sqthread_poll" : "1",
        "size" : "1m",
        "runtime" : "5",
        "ramp_time" : "4",
        "rw" : "readwrite",
        "direct" : "1",
        "iodepth" : "16"
      },
      "read" : {
        "io_bytes" : 433860608,
        "io_kbytes" : 423692,
        "bw_bytes" : 86754770,
        "bw" : 84721,
        "iops" : 21177.364527,
        "runtime" : 5001,
        "total_ios" : 105908,
        "short_ios" : 0,
        "drop_ios" : 0,
        "slat_ns" : {
          "min" : 0,
          "max" : 0,
          "mean" : 0.000000,
          "stddev" : 0.000000
        },
        "clat_ns" : {
          "min" : 68007,
          "max" : 6608777,
          "mean" : 661138.502544,
          "stddev" : 619040.841495,
          "percentile" : {
            "1.000000" : 216064,
            "5.000000" : 254976,
            "10.000000" : 288768,
            "20.000000" : 337920,
            "30.000000" : 378880,
            "40.000000" : 423936,
            "50.000000" : 481280,
            "60.000000" : 544768,
            "70.000000" : 626688,
            "80.000000" : 749568,
            "90.000000" : 1044480,
            "95.000000" : 1990656,
            "99.000000" : 3424256,
            "99.500000" : 3588096,
            "99.900000" : 3915776,
            "99.950000" : 4358144,
            "99.990000" : 5079040
          }
        },
        "lat_ns" : {
          "min" : 68198,
          "max" : 6608968,
          "mean" : 661317.807747,
          "stddev" : 619040.623760
        },
        "bw_min" : 62328,
        "bw_max" : 100848,
        "bw_agg" : 98.191056,
        "bw_mean" : 83188.444444,
        "bw_dev" : 12538.056699,
        "bw_samples" : 9,
        "iops_min" : 15582,
        "iops_max" : 25212,
        "iops_mean" : 20797.111111,
        "iops_stddev" : 3134.514175,
        "iops_samples" : 9
      },
      "write" : {
        "io_bytes" : 433975296,
        "io_kbytes" : 423804,
        "bw_bytes" : 86777703,
        "bw" : 84743,
        "iops" : 21185.962807,
        "runtime" : 5001,
        "total_ios" : 105951,
        "short_ios" : 0,
        "drop_ios" : 0,
        "slat_ns" : {
          "min" : 0,
          "max" : 0,
          "mean" : 0.000000,
          "stddev" : 0.000000
        },
        "clat_ns" : {
          "min" : 28784,
          "max" : 626165,
          "mean" : 93056.684637,
          "stddev" : 55580.948156,
          "percentile" : {
            "1.000000" : 29824,
            "5.000000" : 30848,
            "10.000000" : 33024,
            "20.000000" : 40192,
            "30.000000" : 47872,
            "40.000000" : 60160,
            "50.000000" : 78336,
            "60.000000" : 99840,
            "70.000000" : 124416,
            "80.000000" : 148480,
            "90.000000" : 175104,
            "95.000000" : 189440,
            "99.000000" : 222208,
            "99.500000" : 252928,
            "99.900000" : 337920,
            "99.950000" : 370688,
            "99.990000" : 452608
          }
        },
        "lat_ns" : {
          "min" : 29064,
          "max" : 626355,
          "mean" : 93349.301772,
          "stddev" : 55578.414952
        },
        "bw_min" : 61480,
        "bw_max" : 101000,
        "bw_agg" : 98.479193,
        "bw_mean" : 83454.222222,
        "bw_dev" : 12839.894565,
        "bw_samples" : 9,
        "iops_min" : 15370,
        "iops_max" : 25250,
        "iops_mean" : 20863.555556,
        "iops_stddev" : 3209.973641,
        "iops_samples" : 9
      },
      "trim" : {
        "io_bytes" : 0,
        "io_kbytes" : 0,
        "bw_bytes" : 0,
        "bw" : 0,
        "iops" : 0.000000,
        "runtime" : 0,
        "total_ios" : 0,
        "short_ios" : 0,
        "drop_ios" : 0,
        "slat_ns" : {
          "min" : 0,
          "max" : 0,
          "mean" : 0.000000,
          "stddev" : 0.000000
        },
        "clat_ns" : {
          "min" : 0,
          "max" : 0,
          "mean" : 0.000000,
          "stddev" : 0.000000,
          "percentile" : {
            "1.000000" : 0,
            "5.000000" : 0,
            "10.000000" : 0,
            "20.000000" : 0,
            "30.000000" : 0,
            "40.000000" : 0,
            "50.000000" : 0,
            "60.000000" : 0,
            "70.000000" : 0,
            "80.000000" : 0,
            "90.000000" : 0,
            "95.000000" : 0,
            "99.000000" : 0,
            "99.500000" : 0,
            "99.900000" : 0,
            "99.950000" : 0,
            "99.990000" : 0
          }
        },
        "lat_ns" : {
          "min" : 0,
          "max" : 0,
          "mean" : 0.000000,
          "stddev" : 0.000000
        },
        "bw_min" : 0,
        "bw_max" : 0,
        "bw_agg" : 0.000000,
        "bw_mean" : 0.000000,
        "bw_dev" : 0.000000,
        "bw_samples" : 0,
        "iops_min" : 0,
        "iops_max" : 0,
        "iops_mean" : 0.000000,
        "iops_stddev" : 0.000000,
        "iops_samples" : 0
      },
      "sync" : {
        "lat_ns" : {
          "min" : 0,
          "max" : 0,
          "mean" : 0.000000,
          "stddev" : 0.000000,
          "percentile" : {
            "1.000000" : 0,
            "5.000000" : 0,
            "10.000000" : 0,
            "20.000000" : 0,
            "30.000000" : 0,
            "40.000000" : 0,
            "50.000000" : 0,
            "60.000000" : 0,
            "70.000000" : 0,
            "80.000000" : 0,
            "90.000000" : 0,
            "95.000000" : 0,
            "99.000000" : 0,
            "99.500000" : 0,
            "99.900000" : 0,
            "99.950000" : 0,
            "99.990000" : 0
          }
        },
        "total_ios" : 0
      },
      "job_runtime" : 5000,
      "usr_cpu" : 99.980000,
      "sys_cpu" : 0.000000,
      "ctx" : 7,
      "majf" : 0,
      "minf" : 15,
      "iodepth_level" : {
        "1" : 0.000000,
        "2" : 0.000000,
        "4" : 0.000000,
        "8" : 0.000000,
        "16" : 100.000000,
        "32" : 0.000000,
        ">=64" : 0.000000
      },
      "iodepth_submit" : {
        "0" : 0.000000,
        "4" : 0.000000,
        "8" : 0.000000,
        "16" : 0.000000,
        "32" : 0.000000,
        "64" : 0.000000,
        ">=64" : 0.000000
      },
      "iodepth_complete" : {
        "0" : 0.000000,
        "4" : 99.999528,
        "8" : 0.000000,
        "16" : 0.100000,
        "32" : 0.000000,
        "64" : 0.000000,
        ">=64" : 0.000000
      },
      "latency_ns" : {
        "2" : 0.000000,
        "4" : 0.000000,
        "10" : 0.000000,
        "20" : 0.000000,
        "50" : 0.000000,
        "100" : 0.000000,
        "250" : 0.000000,
        "500" : 0.000000,
        "750" : 0.000000,
        "1000" : 0.000000
      },
      "latency_us" : {
        "2" : 0.000000,
        "4" : 0.000000,
        "10" : 0.000000,
        "20" : 0.000000,
        "50" : 16.256567,
        "100" : 13.786528,
        "250" : 21.817341,
        "500" : 24.841050,
        "750" : 13.444319,
        "1000" : 4.497803
      },
      "latency_ms" : {
        "2" : 2.870305,
        "4" : 2.454463,
        "10" : 0.038705,
        "20" : 0.000000,
        "50" : 0.000000,
        "100" : 0.000000,
        "250" : 0.000000,
        "500" : 0.000000,
        "750" : 0.000000,
        "1000" : 0.000000,
        "2000" : 0.000000,
        ">=2000" : 0.000000
      },
      "latency_depth" : 16,
      "latency_target" : 0,
      "latency_percentile" : 100.000000,