{
  "fio version" : "fio-3.16",
  "timestamp" : 1698784049,
  "timestamp_ms" : 1698784049382,
  "time" : "Tue Oct 31 14:27:29 2023",
  "jobs" : [
    {
      "jobname" : "io_uring_sqthread_poll_1_readwrite_iodepth_64",
      "groupid" : 0,
      "error" : 0,
      "eta" : 0,
      "elapsed" : 10,
      "job options" : {
        "name" : "io_uring_sqthread_poll_1_readwrite_iodepth_64",
        "filename" : "data/io_uring_sqthread_poll_1_readwrite_iodepth_64.fio",
        "ioengine" : "io_uring",
        "sqthread_poll" : "1",
        "size" : "1m",
        "runtime" : "5",
        "ramp_time" : "4",
        "rw" : "readwrite",
        "direct" : "1",
        "iodepth" : "64"
      },
      "read" : {
        "io_bytes" : 642117632,
        "io_kbytes" : 627068,
        "bw_bytes" : 128372177,
        "bw" : 125363,
        "iops" : 31330.867653,
        "runtime" : 5002,
        "total_ios" : 156717,
        "short_ios" : 0,
        "drop_ios" : 0,
        "slat_ns" : {
          "min" : 0,
          "max" : 0,
          "mean" : 0.000000,
          "stddev" : 0.000000
        },
        "clat_ns" : {
          "min" : 106019,
          "max" : 8494044,
          "mean" : 1676122.112524,
          "stddev" : 953446.401924,
          "percentile" : {
            "1.000000" : 440320,
            "5.000000" : 626688,
            "10.000000" : 733184,
            "20.000000" : 897024,
            "30.000000" : 1056768,
            "40.000000" : 1220608,
            "50.000000" : 1417216,
            "60.000000" : 1646592,
            "70.000000" : 1908736,
            "80.000000" : 2310144,
            "90.000000" : 3162112,
            "95.000000" : 3686400,
            "99.000000" : 4489216,
            "99.500000" : 4751360,
            "99.900000" : 6193152,
            "99.950000" : 6979584,
            "99.990000" : 7897088
          }
        },
        "lat_ns" : {
          "min" : 106280,
          "max" : 8494184,
          "mean" : 1676281.991031,
          "stddev" : 953445.877732
        },
        "bw_min" : 97560,
        "bw_max" : 150059,
        "bw_agg" : 99.979978,
        "bw_mean" : 125337.900000,
        "bw_dev" : 13988.932025,
        "bw_samples" : 10,
        "iops_min" : 24390,
        "iops_max" : 37514,
        "iops_mean" : 31334.400000,
        "iops_stddev" : 3497.085745,
        "iops_samples" : 10
      },
      "write" : {
        "io_bytes" : 645394432,
        "io_kbytes" : 630268,
        "bw_bytes" : 129027275,
        "bw" : 126003,
        "iops" : 31498.200720,
        "runtime" : 5002,
        "total_ios" : 157554,
        "short_ios" : 0,
        "drop_ios" : 0,
        "slat_ns" : {
          "min" : 0,
          "max" : 0,
          "mean" : 0.000000,
          "stddev" : 0.000000
        },
        "clat_ns" : {
          "min" : 30146,
          "max" : 7214003,
          "mean" : 362912.268921,
          "stddev" : 279643.564379,
          "percentile" : {
            "1.000000" : 68096,
            "5.000000" : 95744,
            "10.000000" : 117248,
            "20.000000" : 156672,
            "30.000000" : 197632,
            "40.000000" : 244736,
            "50.000000" : 296960,
            "60.000000" : 366592,
            "70.000000" : 440320,
            "80.000000" : 536576,
            "90.000000" : 659456,
            "95.000000" : 765952,
            "99.000000" : 1318912,
            "99.500000" : 1892352,
            "99.900000" : 3129344,
            "99.950000" : 3457024,
            "99.990000" : 3850240
          }
        },
        "lat_ns" : {
          "min" : 30417,
          "max" : 7214164,
          "mean" : 363157.325335,
          "stddev" : 279644.010189
        },
        "bw_min" : 97048,
        "bw_max" : 151489,
        "bw_agg" : 100.000000,
        "bw_mean" : 126018.500000,
        "bw_dev" : 14199.256579,
        "bw_samples" : 10,
        "iops_min" : 24262,
        "iops_max" : 37872,
        "iops_mean" : 31504.600000,
        "iops_stddev" : 3549.764318,
        "iops_samples" : 10
      },
      "trim" : {
        "io_bytes" : 0,
        "io_kbytes" : 0,
        "bw_bytes" : 0,
        "bw" : 0,
        "iops" : 0.000000,
        "runtime" : 0,
        "total_ios" : 0,
        "short_ios" : 0,
        "drop_ios" : 0,
        "slat_ns" : {
          "min" : 0,
          "max" : 0,
          "mean" : 0.000000,
          "stddev" : 0.000000
        },
        "clat_ns" : {
          "min" : 0,
          "max" : 0,
          "mean" : 0.000000,
          "stddev" : 0.000000,
          "percentile" : {
            "1.000000" : 0,
            "5.000000" : 0,
            "10.000000" : 0,
            "20.000000" : 0,
            "30.000000" : 0,
            "40.000000" : 0,
            "50.000000" : 0,
            "60.000000" : 0,
            "70.000000" : 0,
            "80.000000" : 0,
            "90.000000" : 0,
            "95.000000" : 0,
            "99.000000" : 0,
            "99.500000" : 0,
            "99.900000" : 0,
            "99.950000" : 0,
            "99.990000" : 0
          }
        },
        "lat_ns" : {
          "min" : 0,
          "max" : 0,
          "mean" : 0.000000,
          "stddev" : 0.000000
        },
        "bw_min" : 0,
        "bw_max" : 0,
        "bw_agg" : 0.000000,
        "bw_mean" : 0.000000,
        "bw_dev" : 0.000000,
        "bw_samples" : 0,
        "iops_min" : 0,
        "iops_max" : 0,
        "iops_mean" : 0.000000,
        "iops_stddev" : 0.000000,
        "iops_samples" : 0
      },
      "sync" : {
        "lat_ns" : {
          "min" : 0,
          "max" : 0,
          "mean" : 0.000000,
          "stddev" : 0.000000,
          "percentile" : {
            "1.000000" : 0,
            "5.000000" : 0,
            "10.000000" : 0,
            "20.000000" : 0,
            "30.000000" : 0,
            "40.000000" : 0,
            "50.000000" : 0,
            "60.000000" : 0,
            "70.000000" : 0,
            "80.000000" : 0,
            "90.000000" : 0,
            "95.000000" : 0,
            "99.000000" : 0,
            "99.500000" : 0,
            "99.900000" : 0,
            "99.950000" : 0,
            "99.990000" : 0
          }
        },
        "total_ios" : 0
      },
      "job_runtime" : 5001,
      "usr_cpu" : 99.980004,
      "sys_cpu" : 0.000000,
      "ctx" : 1,
      "majf" : 0,
      "minf" : 15,
      "iodepth_level" : {
        "1" : 0.000000,
        "2" : 0.000000,
        "4" : 0.000000,
        "8" : 0.000000,
        "16" : 0.000000,
        "32" : 0.000000,
        ">=64" : 100.000000
      },
      "iodepth_submit" : {
        "0" : 0.000000,
        "4" : 0.000000,
        "8" : 0.000000,
        "16" : 0.000000,
        "32" : 0.000000,
        "64" : 0.000000,
        ">=64" : 0.000000
      },
      "iodepth_complete" : {
        "0" : 0.000000,
        "4" : 99.999682,
        "8" : 0.000000,
        "16" : 0.000000,
        "32" : 0.000000,
        "64" : 0.100000,
        ">=64" : 0.000000
      },
      "latency_ns" : {
        "2" : 0.000000,
        "4" : 0.000000,
        "10" : 0.000000,
        "20" : 0.000000,
        "50" : 0.000000,
        "100" : 0.000000,
        "250" : 0.000000,
        "500" : 0.000000,
        "750" : 0.000000,
        "1000" : 0.000000
      },
      "latency_us" : {
        "2" : 0.000000,
        "4" : 0.000000,
        "10" : 0.000000,
        "20" : 0.000000,
        "50" : 0.040093,
        "100" : 2.978639,
        "250" : 17.573686,
        "500" : 18.639009,
        "750" : 13.614683,
        "1000" : 9.770230
      },
      "latency_ms" : {
        "2" : 23.555148,
        "4" : 12.456447,
        "10" : 1.392111,
        "20" : 0.000000,
        "50" : 0.000000,
        "100" : 0.000000,
        "250" : 0.000000,
        "500" : 0.000000,
        "750" : 0.000000,
        "1000" : 0.000000,
        "2000" : 0.000000,
        ">=2000" : 0.000000
      },
      "latency_depth" : 64,
      "latency_target" : 0,