{
  "fio version" : "fio-3.16",
  "timestamp" : 1698783935,
  "timestamp_ms" : 1698783935158,
  "time" : "Tue Oct 31 14:25:35 2023",
  "jobs" : [
    {
      "jobname" : "io_uring_readwrite_iodepth_4",
      "groupid" : 0,
      "error" : 0,
      "eta" : 0,
      "elapsed" : 10,
      "job options" : {
        "name" : "io_uring_readwrite_iodepth_4",
        "filename" : "data/io_uring_readwrite_iodepth_4.fio",
        "ioengine" : "io_uring",
        "size" : "1m",
        "runtime" : "5",
        "ramp_time" : "4",
        "rw" : "readwrite",
        "direct" : "1",
        "iodepth" : "4"
      },
      "read" : {
        "io_bytes" : 299778048,
        "io_kbytes" : 292752,
        "bw_bytes" : 59943620,
        "bw" : 58538,
        "iops" : 14633.873225,
        "runtime" : 5001,
        "total_ios" : 73184,
        "short_ios" : 0,
        "drop_ios" : 0,
        "slat_ns" : {
          "min" : 2795,
          "max" : 24746,
          "mean" : 3565.196830,
          "stddev" : 1011.020532
        },
        "clat_ns" : {
          "min" : 35657,
          "max" : 4857011,
          "mean" : 228572.778513,
          "stddev" : 365371.256431,
          "percentile" : {
            "1.000000" : 67072,
            "5.000000" : 78336,
            "10.000000" : 88576,
            "20.000000" : 103936,
            "30.000000" : 119296,
            "40.000000" : 138240,
            "50.000000" : 154624,
            "60.000000" : 173056,
            "70.000000" : 193536,
            "80.000000" : 226304,
            "90.000000" : 301056,
            "95.000000" : 522240,
            "99.000000" : 2637824,
            "99.500000" : 3031040,
            "99.900000" : 3293184,
            "99.950000" : 3522560,
            "99.990000" : 4620288
          }
        },
        "lat_ns" : {
          "min" : 42460,
          "max" : 4860337,
          "mean" : 232226.349311,
          "stddev" : 365372.773260
        },
        "bw_min" : 50792,
        "bw_max" : 68216,
        "bw_agg" : 100.000000,
        "bw_mean" : 59124.222222,
        "bw_dev" : 6008.570582,
        "bw_samples" : 9,
        "iops_min" : 12698,
        "iops_max" : 17054,
        "iops_mean" : 14781.000000,
        "iops_stddev" : 1502.211037,
        "iops_samples" : 9
      },
      "write" : {
        "io_bytes" : 300576768,
        "io_kbytes" : 293532,
        "bw_bytes" : 60103332,
        "bw" : 58694,
        "iops" : 14673.665267,
        "runtime" : 5001,
        "total_ios" : 73383,
        "short_ios" : 0,
        "drop_ios" : 0,
        "slat_ns" : {
          "min" : 2825,
          "max" : 26119,
          "mean" : 3737.068504,
          "stddev" : 1064.101259
        },
        "clat_ns" : {
          "min" : 20648,
          "max" : 165420,
          "mean" : 36101.173691,
          "stddev" : 10700.529435,
          "percentile" : {
            "1.000000" : 24192,
            "5.000000" : 24448,
            "10.000000" : 24960,
            "20.000000" : 25728,
            "30.000000" : 28288,
            "40.000000" : 31360,
            "50.000000" : 34048,
            "60.000000" : 37120,
            "70.000000" : 40192,
            "80.000000" : 44288,
            "90.000000" : 50432,
            "95.000000" : 55040,
            "99.000000" : 72192,
            "99.500000" : 79360,
            "99.900000" : 99840,
            "99.950000" : 107008,
            "99.990000" : 132096
          }
        },
        "lat_ns" : {
          "min" : 27171,
          "max" : 172643,
          "mean" : 39927.425167,
          "stddev" : 10798.603582
        },
        "bw_min" : 51768,
        "bw_max" : 69240,
        "bw_agg" : 100.000000,
        "bw_mean" : 59227.555556,
        "bw_dev" : 5860.854697,
        "bw_samples" : 9,
        "iops_min" : 12942,
        "iops_max" : 17310,
        "iops_mean" : 14806.888889,
        "iops_stddev" : 1465.213674,
        "iops_samples" : 9
      },
      "trim" : {
        "io_bytes" : 0,
        "io_kbytes" : 0,
        "bw_bytes" : 0,
        "bw" : 0,
        "iops" : 0.000000,
        "runtime" : 0,
        "total_ios" : 0,
        "short_ios" : 0,
        "drop_ios" : 0,
        "slat_ns" : {
          "min" : 0,
          "max" : 0,
          "mean" : 0.000000,
          "stddev" : 0.000000
        },
        "clat_ns" : {
          "min" : 0,
          "max" : 0,
          "mean" : 0.000000,
          "stddev" : 0.000000,
          "percentile" : {
            "1.000000" : 0,
            "5.000000" : 0,
            "10.000000" : 0,
            "20.000000" : 0,
            "30.000000" : 0,
            "40.000000" : 0,
            "50.000000" : 0,
            "60.000000" : 0,
            "70.000000" : 0,
            "80.000000" : 0,
            "90.000000" : 0,
            "95.000000" : 0,
            "99.000000" : 0,
            "99.500000" : 0,
            "99.900000" : 0,
            "99.950000" : 0,
            "99.990000" : 0
          }
        },
        "lat_ns" : {
          "min" : 0,
          "max" : 0,
          "mean" : 0.000000,
          "stddev" : 0.000000
        },
        "bw_min" : 0,
        "bw_max" : 0,
        "bw_agg" : 0.000000,
        "bw_mean" : 0.000000,
        "bw_dev" : 0.000000,
        "bw_samples" : 0,
        "iops_min" : 0,
        "iops_max" : 0,
        "iops_mean" : 0.000000,
        "iops_stddev" : 0.000000,
        "iops_samples" : 0
      },
      "sync" : {
        "lat_ns" : {
          "min" : 0,
          "max" : 0,
          "mean" : 0.000000,
          "stddev" : 0.000000,
          "percentile" : {
            "1.000000" : 0,
            "5.000000" : 0,
            "10.000000" : 0,
            "20.000000" : 0,
            "30.000000" : 0,
            "40.000000" : 0,
            "50.000000" : 0,
            "60.000000" : 0,
            "70.000000" : 0,
            "80.000000" : 0,
            "90.000000" : 0,
            "95.000000" : 0,
            "99.000000" : 0,
            "99.500000" : 0,
            "99.900000" : 0,
            "99.950000" : 0,
            "99.990000" : 0
          }
        },
        "total_ios" : 0
      },
      "job_runtime" : 5000,
      "usr_cpu" : 4.220000,
      "sys_cpu" : 12.800000,
      "ctx" : 142656,
      "majf" : 0,
      "minf" : 16,
      "iodepth_level" : {
        "1" : 0.000000,
        "2" : 0.000000,
        "4" : 100.000000,
        "8" : 0.000000,
        "16" : 0.000000,
        "32" : 0.000000,
        ">=64" : 0.000000
      },
      "iodepth_submit" : {
        "0" : 0.000000,
        "4" : 100.000000,
        "8" : 0.000000,
        "16" : 0.000000,
        "32" : 0.000000,
        "64" : 0.000000,
        ">=64" : 0.000000
      },
      "iodepth_complete" : {
        "0" : 0.000000,
        "4" : 100.000000,
        "8" : 0.000000,
        "16" : 0.000000,
        "32" : 0.000000,
        "64" : 0.000000,
        ">=64" : 0.000000
      },
      "latency_ns" : {
        "2" : 0.000000,
        "4" : 0.000000,
        "10" : 0.000000,
        "20" : 0.000000,
        "50" : 0.000000,
        "100" : 0.000000,
        "250" : 0.000000,
        "500" : 0.000000,
        "750" : 0.000000,
        "1000" : 0.000000
      },
      "latency_us" : {
        "2" : 0.000000,
        "4" : 0.000000,
        "10" : 0.000000,
        "20" : 0.000000,
        "50" : 44.954867,
        "100" : 13.677021,
        "250" : 33.695170,
        "500" : 5.127348,
        "750" : 0.990673,
        "1000" : 0.418921
      },
      "latency_ms" : {
        "2" : 0.401182,
        "4" : 0.717760,
        "10" : 0.019104,
        "20" : 0.000000,
        "50" : 0.000000,
        "100" : 0.000000,
        "250" : 0.000000,
        "500" : 0.000000,
        "750" : 0.000000,
        "1000" : 0.000000,
        "2000" : 0.000000,
        ">=2000" : 0.000000
      },
      "latency_depth" : 4,
      "latency_target" : 0,
      "latency_percentile" : 100.000000,
      "latency_window" : 0
    }
  ],
  "disk_util" : [
    {
      "name" : "sda",