{
  "fio version" : "fio-3.16",
  "timestamp" : 1698783916,
  "timestamp_ms" : 1698783916269,
  "time" : "Tue Oct 31 14:25:16 2023",
  "jobs" : [
    {
      "jobname" : "io_uring_readwrite_iodepth_1",
      "groupid" : 0,
      "error" : 0,
      "eta" : 0,
      "elapsed" : 10,
      "job options" : {
        "name" : "io_uring_readwrite_iodepth_1",
        "filename" : "data/io_uring_readwrite_iodepth_1.fio",
        "ioengine" : "io_uring",
        "size" : "1m",
        "runtime" : "5",
        "ramp_time" : "4",
        "rw" : "readwrite",
        "direct" : "1",
        "iodepth" : "1"
      },
      "read" : {
        "io_bytes" : 133865472,
        "io_kbytes" : 130728,
        "bw_bytes" : 26767740,
        "bw" : 26140,
        "iops" : 6535.092981,
        "runtime" : 5001,
        "total_ios" : 32682,
        "short_ios" : 0,
        "drop_ios" : 0,
        "slat_ns" : {
          "min" : 3737,
          "max" : 8415,
          "mean" : 4026.235665,
          "stddev" : 327.670418
        },
        "clat_ns" : {
          "min" : 29165,
          "max" : 3560539,
          "mean" : 115507.528884,
          "stddev" : 246752.136375,
          "percentile" : {
            "1.000000" : 36096,
            "5.000000" : 60672,
            "10.000000" : 62208,
            "20.000000" : 63744,
            "30.000000" : 64768,
            "40.000000" : 65280,
            "50.000000" : 66048,
            "60.000000" : 68096,
            "70.000000" : 83456,
            "80.000000" : 140288,
            "90.000000" : 150528,
            "95.000000" : 189440,
            "99.000000" : 700416,
            "99.500000" : 2867200,
            "99.900000" : 3031040,
            "99.950000" : 3096576,
            "99.990000" : 3424256
          }
        },
        "lat_ns" : {
          "min" : 33192,
          "max" : 3564557,
          "mean" : 119606.450493,
          "stddev" : 246754.230478
        },
        "bw_min" : 22544,
        "bw_max" : 29656,
        "bw_agg" : 100.000000,
        "bw_mean" : 26420.111111,
        "bw_dev" : 2697.259000,
        "bw_samples" : 9,
        "iops_min" : 5636,
        "iops_max" : 7414,
        "iops_mean" : 6605.000000,
        "iops_stddev" : 674.279986,
        "iops_samples" : 9
      },
      "write" : {
        "io_bytes" : 133222400,
        "io_kbytes" : 130100,
        "bw_bytes" : 26639152,
        "bw" : 26014,
        "iops" : 6503.699260,
        "runtime" : 5001,
        "total_ios" : 32525,
        "short_ios" : 0,
        "drop_ios" : 0,
        "slat_ns" : {
          "min" : 3807,
          "max" : 35877,
          "mean" : 4214.058386,
          "stddev" : 394.209783
        },
        "clat_ns" : {
          "min" : 24015,
          "max" : 135444,
          "mean" : 28504.893528,
          "stddev" : 1631.768494,
          "percentile" : {
            "1.000000" : 27008,
            "5.000000" : 27264,
            "10.000000" : 27520,
            "20.000000" : 27776,
            "30.000000" : 28032,
            "40.000000" : 28032,
            "50.000000" : 28288,
            "60.000000" : 28544,
            "70.000000" : 28544,
            "80.000000" : 28800,
            "90.000000" : 29056,
            "95.000000" : 30592,
            "99.000000" : 34560,
            "99.500000" : 36096,
            "99.900000" : 47872,
            "99.950000" : 50432,
            "99.990000" : 60672
          }
        },
        "lat_ns" : {
          "min" : 30597,
          "max" : 139542,
          "mean" : 32790.976972,
          "stddev" : 1714.857225
        },
        "bw_min" : 22272,
        "bw_max" : 28440,
        "bw_agg" : 100.000000,
        "bw_mean" : 26215.888889,
        "bw_dev" : 2484.379220,
        "bw_samples" : 9,
        "iops_min" : 5568,
        "iops_max" : 7110,
        "iops_mean" : 6553.888889,
        "iops_stddev" : 621.014582,
        "iops_samples" : 9
      },
      "trim" : {
        "io_bytes" : 0,
        "io_kbytes" : 0,
        "bw_bytes" : 0,
        "bw" : 0,
        "iops" : 0.000000,
        "runtime" : 0,
        "total_ios" : 0,
        "short_ios" : 0,
        "drop_ios" : 0,
        "slat_ns" : {
          "min" : 0,
          "max" : 0,
          "mean" : 0.000000,
          "stddev" : 0.000000
        },
        "clat_ns" : {
          "min" : 0,
          "max" : 0,
          "mean" : 0.000000,
          "stddev" : 0.000000,
          "percentile" : {
            "1.000000" : 0,
            "5.000000" : 0,
            "10.000000" : 0,
            "20.000000" : 0,
            "30.000000" : 0,
            "40.000000" : 0,
            "50.000000" : 0,
            "60.000000" : 0,
            "70.000000" : 0,
            "80.000000" : 0,
            "90.000000" : 0,
            "95.000000" : 0,
            "99.000000" : 0,
            "99.500000" : 0,
            "99.900000" : 0,
            "99.950000" : 0,
            "99.990000" : 0
          }
        },
        "lat_ns" : {
          "min" : 0,
          "max" : 0,
          "mean" : 0.000000,
          "stddev" : 0.000000
        },
        "bw_min" : 0,
        "bw_max" : 0,
        "bw_agg" : 0.000000,
        "bw_mean" : 0.000000,
        "bw_dev" : 0.000000,
        "bw_samples" : 0,
        "iops_min" : 0,
        "iops_max" : 0,
        "iops_mean" : 0.000000,
        "iops_stddev" : 0.000000,
        "iops_samples" : 0
      },
      "sync" : {
        "lat_ns" : {
          "min" : 0,
          "max" : 0,
          "mean" : 0.000000,
          "stddev" : 0.000000,
          "percentile" : {
            "1.000000" : 0,
            "5.000000" : 0,
            "10.000000" : 0,
            "20.000000" : 0,
            "30.000000" : 0,
            "40.000000" : 0,
            "50.000000" : 0,
            "60.000000" : 0,
            "70.000000" : 0,
            "80.000000" : 0,
            "90.000000" : 0,
            "95.000000" : 0,
            "99.000000" : 0,
            "99.500000" : 0,
            "99.900000" : 0,
            "99.950000" : 0,
            "99.990000" : 0
          }
        },
        "total_ios" : 0
      },
      "job_runtime" : 5000,
      "usr_cpu" : 1.660000,
      "sys_cpu" : 6.600000,
      "ctx" : 65208,
      "majf" : 0,
      "minf" : 15,
      "iodepth_level" : {
        "1" : 100.000000,
        "2" : 0.000000,
        "4" : 0.000000,
        "8" : 0.000000,
        "16" : 0.000000,
        "32" : 0.000000,
        ">=64" : 0.000000
      },
      "iodepth_submit" : {
        "0" : 0.000000,
        "4" : 100.000000,
        "8" : 0.000000,
        "16" : 0.000000,
        "32" : 0.000000,
        "64" : 0.000000,
        ">=64" : 0.000000
      },
      "iodepth_complete" : {
        "0" : 0.000000,
        "4" : 100.000000,
        "8" : 0.000000,
        "16" : 0.000000,
        "32" : 0.000000,
        "64" : 0.000000,
        ">=64" : 0.000000
      },
      "latency_ns" : {
        "2" : 0.000000,
        "4" : 0.000000,
        "10" : 0.000000,
        "20" : 0.000000,
        "50" : 0.000000,
        "100" : 0.000000,
        "250" : 0.000000,
        "500" : 0.000000,
        "750" : 0.000000,
        "1000" : 0.000000
      },
      "latency_us" : {
        "2" : 0.000000,
        "4" : 0.000000,
        "10" : 0.000000,
        "20" : 0.000000,
        "50" : 50.953119,
        "100" : 34.281596,
        "250" : 13.474014,
        "500" : 0.590427,
        "750" : 0.245372,
        "1000" : 0.026071
      },
      "latency_ms" : {
        "2" : 0.078212,
        "4" : 0.351189,
        "10" : 0.000000,
        "20" : 0.000000,
        "50" : 0.000000,
        "100" : 0.000000,
        "250" : 0.000000,
        "500" : 0.000000,
        "750" : 0.000000,
        "1000" : 0.000000,
        "2000" : 0.000000,
        ">=2000" : 0.000000
      },
      "latency_depth" : 1,
      "latency_target" : 0,
      "latency_percentile" : 100.000000,
      "latency_window" : 0
    }
  ],
  "disk_util" : [
    {
      "name" : "sda",
      "read_ios" : 56821,