{
  "fio version" : "fio-3.16",
  "timestamp" : 1698784001,
  "timestamp_ms" : 1698784001547,
  "time" : "Tue Oct 31 14:26:41 2023",
  "jobs" : [
    {
      "jobname" : "io_uring_sqthread_poll_1_readwrite_iodepth_2",
      "groupid" : 0,
      "error" : 0,
      "eta" : 0,
      "elapsed" : 10,
      "job options" : {
        "name" : "io_uring_sqthread_poll_1_readwrite_iodepth_2",
        "filename" : "data/io_uring_sqthread_poll_1_readwrite_iodepth_2.fio",
        "ioengine" : "io_uring",
        "sqthread_poll" : "1",
        "size" : "1m",
        "runtime" : "5",
        "ramp_time" : "4",
        "rw" : "readwrite",
        "direct" : "1",
        "iodepth" : "2"
      },
      "read" : {
        "io_bytes" : 219926528,
        "io_kbytes" : 214772,
        "bw_bytes" : 43976510,
        "bw" : 42945,
        "iops" : 10736.252749,
        "runtime" : 5001,
        "total_ios" : 53692,
        "short_ios" : 0,
        "drop_ios" : 0,
        "slat_ns" : {
          "min" : 0,
          "max" : 0,
          "mean" : 0.000000,
          "stddev" : 0.000000
        },
        "clat_ns" : {
          "min" : 30888,
          "max" : 3942496,
          "mean" : 151053.832120,
          "stddev" : 301841.850684,
          "percentile" : {
            "1.000000" : 50432,
            "5.000000" : 65280,
            "10.000000" : 67072,
            "20.000000" : 69120,
            "30.000000" : 71168,
            "40.000000" : 74240,
            "50.000000" : 83456,
            "60.000000" : 109056,
            "70.000000" : 136192,
            "80.000000" : 154624,
            "90.000000" : 199680,
            "95.000000" : 268288,
            "99.000000" : 2146304,
            "99.500000" : 2965504,
            "99.900000" : 3194880,
            "99.950000" : 3260416,
            "99.990000" : 3391488
          }
        },
        "lat_ns" : {
          "min" : 31068,
          "max" : 3942656,
          "mean" : 151235.922616,
          "stddev" : 301841.714248
        },
        "bw_min" : 34992,
        "bw_max" : 50384,
        "bw_agg" : 100.000000,
        "bw_mean" : 43419.555556,
        "bw_dev" : 4888.633529,
        "bw_samples" : 9,
        "iops_min" : 8748,
        "iops_max" : 12596,
        "iops_mean" : 10854.888889,
        "iops_stddev" : 1222.158382,
        "iops_samples" : 9
      },
      "write" : {
        "io_bytes" : 218918912,
        "io_kbytes" : 213788,
        "bw_bytes" : 43775027,
        "bw" : 42749,
        "iops" : 10687.262547,
        "runtime" : 5001,
        "total_ios" : 53447,
        "short_ios" : 0,
        "drop_ios" : 0,
        "slat_ns" : {
          "min" : 0,
          "max" : 0,
          "mean" : 0.000000,
          "stddev" : 0.000000
        },
        "clat_ns" : {
          "min" : 28694,
          "max" : 147286,
          "mean" : 34181.125826,
          "stddev" : 5483.220966,
          "percentile" : {
            "1.000000" : 29568,
            "5.000000" : 29824,
            "10.000000" : 30080,
            "20.000000" : 30592,
            "30.000000" : 31104,
            "40.000000" : 31616,
            "50.000000" : 33536,
            "60.000000" : 34048,
            "70.000000" : 35072,
            "80.000000" : 36096,
            "90.000000" : 38656,
            "95.000000" : 42240,
            "99.000000" : 63232,
            "99.500000" : 66048,
            "99.900000" : 69120,
            "99.950000" : 74240,
            "99.990000" : 121344
          }
        },
        "lat_ns" : {
          "min" : 29015,
          "max" : 147596,
          "mean" : 34482.804386,
          "stddev" : 5481.728796
        },
        "bw_min" : 35840,
        "bw_max" : 50056,
        "bw_agg" : 100.000000,
        "bw_mean" : 43213.333333,
        "bw_dev" : 4433.676578,
        "bw_samples" : 9,
        "iops_min" : 8960,
        "iops_max" : 12514,
        "iops_mean" : 10803.333333,
        "iops_stddev" : 1108.419145,
        "iops_samples" : 9
      },
      "trim" : {
        "io_bytes" : 0,
        "io_kbytes" : 0,
        "bw_bytes" : 0,
        "bw" : 0,
        "iops" : 0.000000,
        "runtime" : 0,
        "total_ios" : 0,
        "short_ios" : 0,
        "drop_ios" : 0,
        "slat_ns" : {
          "min" : 0,
          "max" : 0,
          "mean" : 0.000000,
          "stddev" : 0.000000
        },
        "clat_ns" : {
          "min" : 0,
          "max" : 0,
          "mean" : 0.000000,
          "stddev" : 0.000000,
          "percentile" : {
            "1.000000" : 0,
            "5.000000" : 0,
            "10.000000" : 0,
            "20.000000" : 0,
            "30.000000" : 0,
            "40.000000" : 0,
            "50.000000" : 0,
            "60.000000" : 0,
            "70.000000" : 0,
            "80.000000" : 0,
            "90.000000" : 0,
            "95.000000" : 0,
            "99.000000" : 0,
            "99.500000" : 0,
            "99.900000" : 0,
            "99.950000" : 0,
            "99.990000" : 0
          }
        },
        "lat_ns" : {
          "min" : 0,
          "max" : 0,
          "mean" : 0.000000,
          "stddev" : 0.000000
        },
        "bw_min" : 0,
        "bw_max" : 0,
        "bw_agg" : 0.000000,
        "bw_mean" : 0.000000,
        "bw_dev" : 0.000000,
        "bw_samples" : 0,
        "iops_min" : 0,
        "iops_max" : 0,
        "iops_mean" : 0.000000,
        "iops_stddev" : 0.000000,
        "iops_samples" : 0
      },
      "sync" : {
        "lat_ns" : {
          "min" : 0,
          "max" : 0,
          "mean" : 0.000000,
          "stddev" : 0.000000,
          "percentile" : {
            "1.000000" : 0,
            "5.000000" : 0,
            "10.000000" : 0,
            "20.000000" : 0,
            "30.000000" : 0,
            "40.000000" : 0,
            "50.000000" : 0,
            "60.000000" : 0,
            "70.000000" : 0,
            "80.000000" : 0,
            "90.000000" : 0,
            "95.000000" : 0,
            "99.000000" : 0,
            "99.500000" : 0,
            "99.900000" : 0,
            "99.950000" : 0,
            "99.990000" : 0
          }
        },
        "total_ios" : 0
      },
      "job_runtime" : 5000,
      "usr_cpu" : 100.000000,
      "sys_cpu" : 0.000000,
      "ctx" : 1,
      "majf" : 0,
      "minf" : 15,
      "iodepth_level" : {
        "1" : 0.000000,
        "2" : 100.000000,
        "4" : 0.000000,
        "8" : 0.000000,
        "16" : 0.000000,
        "32" : 0.000000,
        ">=64" : 0.000000
      },
      "iodepth_submit" : {
        "0" : 0.000000,
        "4" : 0.000000,
        "8" : 0.000000,
        "16" : 0.000000,
        "32" : 0.000000,
        "64" : 0.000000,
        ">=64" : 0.000000
      },
      "iodepth_complete" : {
        "0" : 0.000000,
        "4" : 100.000000,
        "8" : 0.000000,
        "16" : 0.000000,
        "32" : 0.000000,
        "64" : 0.000000,
        ">=64" : 0.000000
      },
      "latency_ns" : {
        "2" : 0.000000,
        "4" : 0.000000,
        "10" : 0.000000,
        "20" : 0.000000,
        "50" : 0.000000,
        "100" : 0.000000,
        "250" : 0.000000,
        "500" : 0.000000,
        "750" : 0.000000,
        "1000" : 0.000000
      },
      "latency_us" : {
        "2" : 0.000000,
        "4" : 0.000000,
        "10" : 0.000000,
        "20" : 0.000000,
        "50" : 49.093234,
        "100" : 29.682935,
        "250" : 18.310793,
        "500" : 1.472853,
        "750" : 0.667357,
        "1000" : 0.120404
      },
      "latency_ms" : {
        "2" : 0.140005,
        "4" : 0.513352,
        "10" : 0.000000,
        "20" : 0.000000,
        "50" : 0.000000,
        "100" : 0.000000,
        "250" : 0.000000,
        "500" : 0.000000,
        "750" : 0.000000,
        "1000" : 0.000000,
        "2000" : 0.000000,
        ">=2000" : 0.000000
      },
      "latency_depth" : 2,
      "latency_target" : 0,
      "latency_percentile" : 100.000000,
      "latency_window" : 0
    }
  ],