{
  "fio version" : "fio-3.16",
  "timestamp" : 1698784011,
  "timestamp_ms" : 1698784011115,
  "time" : "Tue Oct 31 14:26:51 2023",
  "jobs" : [
    {
      "jobname" : "io_uring_sqthread_poll_1_readwrite_iodepth_4",
      "groupid" : 0,
      "error" : 0,
      "eta" : 0,
      "elapsed" : 10,
      "job options" : {
        "name" : "io_uring_sqthread_poll_1_readwrite_iodepth_4",
        "filename" : "data/io_uring_sqthread_poll_1_readwrite_iodepth_4.fio",
        "ioengine" : "io_uring",
        "sqthread_poll" : "1",
        "size" : "1m",
        "runtime" : "5",
        "ramp_time" : "4",
        "rw" : "readwrite",
        "direct" : "1",
        "iodepth" : "4"
      },
      "read" : {
        "io_bytes" : 275984384,
        "io_kbytes" : 269516,
        "bw_bytes" : 55174806,
        "bw" : 53881,
        "iops" : 13470.211915,
        "runtime" : 5002,
        "total_ios" : 67378,
        "short_ios" : 0,
        "drop_ios" : 0,
        "slat_ns" : {
          "min" : 0,
          "max" : 0,
          "mean" : 0.000000,
          "stddev" : 0.000000
        },
        "clat_ns" : {
          "min" : 45596,
          "max" : 3706974,
          "mean" : 255210.024963,
          "stddev" : 422673.071186,
          "percentile" : {
            "1.000000" : 72192,
            "5.000000" : 82432,
            "10.000000" : 90624,
            "20.000000" : 105984,
            "30.000000" : 121344,
            "40.000000" : 142336,
            "50.000000" : 158720,
            "60.000000" : 179200,
            "70.000000" : 199680,
            "80.000000" : 236544,
            "90.000000" : 329728,
            "95.000000" : 675840,
            "99.000000" : 2932736,
            "99.500000" : 3031040,
            "99.900000" : 3194880,
            "99.950000" : 3293184,
            "99.990000" : 3555328
          }
        },
        "lat_ns" : {
          "min" : 45746,
          "max" : 3707124,
          "mean" : 255360.603066,
          "stddev" : 422673.075869
        },
        "bw_min" : 39872,
        "bw_max" : 67072,
        "bw_agg" : 100.000000,
        "bw_mean" : 53900.000000,
        "bw_dev" : 8900.352452,
        "bw_samples" : 10,
        "iops_min" : 9968,
        "iops_max" : 16768,
        "iops_mean" : 13475.000000,
        "iops_stddev" : 2225.088113,
        "iops_samples" : 10
      },
      "write" : {
        "io_bytes" : 276107264,
        "io_kbytes" : 269636,
        "bw_bytes" : 55199373,
        "bw" : 53905,
        "iops" : 13476.009596,
        "runtime" : 5002,
        "total_ios" : 67407,
        "short_ios" : 0,
        "drop_ios" : 0,
        "slat_ns" : {
          "min" : 0,
          "max" : 0,
          "mean" : 0.000000,
          "stddev" : 0.000000
        },
        "clat_ns" : {
          "min" : 28203,
          "max" : 181671,
          "mean" : 40651.876723,
          "stddev" : 10593.413631,
          "percentile" : {
            "1.000000" : 29056,
            "5.000000" : 29568,
            "10.000000" : 30080,
            "20.000000" : 30848,
            "30.000000" : 33024,
            "40.000000" : 35584,
            "50.000000" : 38656,
            "60.000000" : 41216,
            "70.000000" : 44800,
            "80.000000" : 48384,
            "90.000000" : 54528,
            "95.000000" : 59136,
            "99.000000" : 78336,
            "99.500000" : 83456,
            "99.900000" : 107008,
            "99.950000" : 123392,
            "99.990000" : 144384
          }
        },
        "lat_ns" : {
          "min" : 28474,
          "max" : 181931,
          "mean" : 40920.116305,
          "stddev" : 10595.090220
        },
        "bw_min" : 39176,
        "bw_max" : 68344,
        "bw_agg" : 100.000000,
        "bw_mean" : 53927.200000,
        "bw_dev" : 9058.440543,
        "bw_samples" : 10,
        "iops_min" : 9794,
        "iops_max" : 17086,
        "iops_mean" : 13481.800000,
        "iops_stddev" : 2264.610136,
        "iops_samples" : 10
      },
      "trim" : {
        "io_bytes" : 0,
        "io_kbytes" : 0,
        "bw_bytes" : 0,
        "bw" : 0,
        "iops" : 0.000000,
        "runtime" : 0,
        "total_ios" : 0,
        "short_ios" : 0,
        "drop_ios" : 0,
        "slat_ns" : {
          "min" : 0,
          "max" : 0,
          "mean" : 0.000000,
          "stddev" : 0.000000
        },
        "clat_ns" : {
          "min" : 0,
          "max" : 0,
          "mean" : 0.000000,
          "stddev" : 0.000000,
          "percentile" : {
            "1.000000" : 0,
            "5.000000" : 0,
            "10.000000" : 0,
            "20.000000" : 0,
            "30.000000" : 0,
            "40.000000" : 0,
            "50.000000" : 0,
            "60.000000" : 0,
            "70.000000" : 0,
            "80.000000" : 0,
            "90.000000" : 0,
            "95.000000" : 0,
            "99.000000" : 0,
            "99.500000" : 0,
            "99.900000" : 0,
            "99.950000" : 0,
            "99.990000" : 0
          }
        },
        "lat_ns" : {
          "min" : 0,
          "max" : 0,
          "mean" : 0.000000,
          "stddev" : 0.000000
        },
        "bw_min" : 0,
        "bw_max" : 0,
        "bw_agg" : 0.000000,
        "bw_mean" : 0.000000,
        "bw_dev" : 0.000000,
        "bw_samples" : 0,
        "iops_min" : 0,
        "iops_max" : 0,
        "iops_mean" : 0.000000,
        "iops_stddev" : 0.000000,
        "iops_samples" : 0
      },
      "sync" : {
        "lat_ns" : {
          "min" : 0,
          "max" : 0,
          "mean" : 0.000000,
          "stddev" : 0.000000,
          "percentile" : {
            "1.000000" : 0,
            "5.000000" : 0,
            "10.000000" : 0,
            "20.000000" : 0,
            "30.000000" : 0,
            "40.000000" : 0,
            "50.000000" : 0,
            "60.000000" : 0,
            "70.000000" : 0,
            "80.000000" : 0,
            "90.000000" : 0,
            "95.000000" : 0,
            "99.000000" : 0,
            "99.500000" : 0,
            "99.900000" : 0,
            "99.950000" : 0,
            "99.990000" : 0
          }
        },
        "total_ios" : 0
      },
      "job_runtime" : 5001,
      "usr_cpu" : 99.960008,
      "sys_cpu" : 0.000000,
      "ctx" : 7,
      "majf" : 0,
      "minf" : 15,
      "iodepth_level" : {
        "1" : 0.000000,
        "2" : 0.000000,
        "4" : 100.000000,
        "8" : 0.000000,
        "16" : 0.000000,
        "32" : 0.000000,
        ">=64" : 0.000000
      },
      "iodepth_submit" : {
        "0" : 0.000000,
        "4" : 0.000000,
        "8" : 0.000000,
        "16" : 0.000000,
        "32" : 0.000000,
        "64" : 0.000000,
        ">=64" : 0.000000
      },
      "iodepth_complete" : {
        "0" : 0.000000,
        "4" : 100.000000,
        "8" : 0.000000,
        "16" : 0.000000,
        "32" : 0.000000,
        "64" : 0.000000,
        ">=64" : 0.000000
      },
      "latency_ns" : {
        "2" : 0.000000,
        "4" : 0.000000,
        "10" : 0.000000,
        "20" : 0.000000,
        "50" : 0.000000,
        "100" : 0.000000,
        "250" : 0.000000,
        "500" : 0.000000,
        "750" : 0.000000,
        "1000" : 0.000000
      },
      "latency_us" : {
        "2" : 0.000000,
        "4" : 0.000000,
        "10" : 0.000000,
        "20" : 0.000000,
        "50" : 41.942353,
        "100" : 15.759172,
        "250" : 33.517825,
        "500" : 5.537708,
        "750" : 1.109174,
        "1000" : 0.543087
      },
      "latency_ms" : {
        "2" : 0.471863,
        "4" : 1.121045,
        "10" : 0.000000,
        "20" : 0.000000,
        "50" : 0.000000,
        "100" : 0.000000,
        "250" : 0.000000,
        "500" : 0.000000,
        "750" : 0.000000,
        "1000" : 0.000000,
        "2000" : 0.000000,
        ">=2000" : 0.000000
      },
      "latency_depth" : 4,
      "latency_target" : 0,
      "latency_percentile" : 100.000000,
      "latency_window" : 0
    }
  ],