{
  "fio version" : "fio-3.16",
  "timestamp" : 1698784058,
  "timestamp_ms" : 1698784058944,
  "time" : "Tue Oct 31 14:27:38 2023",
  "jobs" : [
    {
      "jobname" : "io_uring_sqthread_poll_1_readwrite_iodepth_128",
      "groupid" : 0,
      "error" : 0,
      "eta" : 0,
      "elapsed" : 10,
      "job options" : {
        "name" : "io_uring_sqthread_poll_1_readwrite_iodepth_128",
        "filename" : "data/io_uring_sqthread_poll_1_readwrite_iodepth_128.fio",
        "ioengine" : "io_uring",
        "sqthread_poll" : "1",
        "size" : "1m",
        "runtime" : "5",
        "ramp_time" : "4",
        "rw" : "readwrite",
        "direct" : "1",
        "iodepth" : "128"
      },
      "read" : {
        "io_bytes" : 819785728,
        "io_kbytes" : 800572,
        "bw_bytes" : 163891588,
        "bw" : 160050,
        "iops" : 39993.802479,
        "runtime" : 5002,
        "total_ios" : 200049,
        "short_ios" : 0,
        "drop_ios" : 0,
        "slat_ns" : {
          "min" : 0,
          "max" : 0,
          "mean" : 0.000000,
          "stddev" : 0.000000
        },
        "clat_ns" : {
          "min" : 169318,
          "max" : 9497216,
          "mean" : 2526528.391875,
          "stddev" : 1107901.462421,
          "percentile" : {
            "1.000000" : 724992,
            "5.000000" : 1056768,
            "10.000000" : 1236992,
            "20.000000" : 1499136,
            "30.000000" : 1744896,
            "40.000000" : 2023424,
            "50.000000" : 2342912,
            "60.000000" : 2703360,
            "70.000000" : 3129344,
            "80.000000" : 3555328,
            "90.000000" : 4079616,
            "95.000000" : 4423680,
            "99.000000" : 5210112,
            "99.500000" : 5668864,
            "99.900000" : 7307264,
            "99.950000" : 7700480,
            "99.990000" : 8290304
          }
        },
        "lat_ns" : {
          "min" : 169478,
          "max" : 9497497,
          "mean" : 2526704.581704,
          "stddev" : 1107901.152389
        },
        "bw_min" : 146288,
        "bw_max" : 173480,
        "bw_agg" : 99.991753,
        "bw_mean" : 160036.800000,
        "bw_dev" : 8289.196996,
        "bw_samples" : 10,
        "iops_min" : 36572,
        "iops_max" : 43370,
        "iops_mean" : 40009.200000,
        "iops_stddev" : 2072.074259,
        "iops_samples" : 10
      },
      "write" : {
        "io_bytes" : 817119232,
        "io_kbytes" : 797968,
        "bw_bytes" : 163358502,
        "bw" : 159529,
        "iops" : 39875.849660,
        "runtime" : 5002,
        "total_ios" : 199459,
        "short_ios" : 0,
        "drop_ios" : 0,
        "slat_ns" : {
          "min" : 0,
          "max" : 0,
          "mean" : 0.000000,
          "stddev" : 0.000000
        },
        "clat_ns" : {
          "min" : 27732,
          "max" : 5080951,
          "mean" : 673633.318168,
          "stddev" : 494051.740436,
          "percentile" : {
            "1.000000" : 105984,
            "5.000000" : 164864,
            "10.000000" : 211968,
            "20.000000" : 288768,
            "30.000000" : 370688,
            "40.000000" : 460800,
            "50.000000" : 569344,
            "60.000000" : 684032,
            "70.000000" : 823296,
            "80.000000" : 987136,
            "90.000000" : 1204224,
            "95.000000" : 1417216,
            "99.000000" : 2768896,
            "99.500000" : 3489792,
            "99.900000" : 4177920,
            "99.950000" : 4358144,
            "99.990000" : 4816896
          }
        },
        "lat_ns" : {
          "min" : 28023,
          "max" : 5081232,
          "mean" : 673897.884707,
          "stddev" : 494051.753595
        },
        "bw_min" : 147960,
        "bw_max" : 173608,
        "bw_agg" : 100.000000,
        "bw_mean" : 159569.600000,
        "bw_dev" : 8785.409966,
        "bw_samples" : 10,
        "iops_min" : 36990,
        "iops_max" : 43402,
        "iops_mean" : 39892.400000,
        "iops_stddev" : 2196.804508,
        "iops_samples" : 10
      },
      "trim" : {
        "io_bytes" : 0,
        "io_kbytes" : 0,
        "bw_bytes" : 0,
        "bw" : 0,
        "iops" : 0.000000,
        "runtime" : 0,
        "total_ios" : 0,
        "short_ios" : 0,
        "drop_ios" : 0,
        "slat_ns" : {
          "min" : 0,
          "max" : 0,
          "mean" : 0.000000,
          "stddev" : 0.000000
        },
        "clat_ns" : {
          "min" : 0,
          "max" : 0,
          "mean" : 0.000000,
          "stddev" : 0.000000,
          "percentile" : {
            "1.000000" : 0,
            "5.000000" : 0,
            "10.000000" : 0,
            "20.000000" : 0,
            "30.000000" : 0,
            "40.000000" : 0,
            "50.000000" : 0,
            "60.000000" : 0,
            "70.000000" : 0,
            "80.000000" : 0,
            "90.000000" : 0,
            "95.000000" : 0,
            "99.000000" : 0,
            "99.500000" : 0,
            "99.900000" : 0,
            "99.950000" : 0,
            "99.990000" : 0
          }
        },
        "lat_ns" : {
          "min" : 0,
          "max" : 0,
          "mean" : 0.000000,
          "stddev" : 0.000000
        },
        "bw_min" : 0,
        "bw_max" : 0,
        "bw_agg" : 0.000000,
        "bw_mean" : 0.000000,
        "bw_dev" : 0.000000,
        "bw_samples" : 0,
        "iops_min" : 0,
        "iops_max" : 0,
        "iops_mean" : 0.000000,
        "iops_stddev" : 0.000000,
        "iops_samples" : 0
      },
      "sync" : {
        "lat_ns" : {
          "min" : 0,
          "max" : 0,
          "mean" : 0.000000,
          "stddev" : 0.000000,
          "percentile" : {
            "1.000000" : 0,
            "5.000000" : 0,
            "10.000000" : 0,
            "20.000000" : 0,
            "30.000000" : 0,
            "40.000000" : 0,
            "50.000000" : 0,
            "60.000000" : 0,
            "70.000000" : 0,
            "80.000000" : 0,
            "90.000000" : 0,
            "95.000000" : 0,
            "99.000000" : 0,
            "99.500000" : 0,
            "99.900000" : 0,
            "99.950000" : 0,
            "99.990000" : 0
          }
        },
        "total_ios" : 0
      },
      "job_runtime" : 5001,
      "usr_cpu" : 99.980004,
      "sys_cpu" : 0.000000,
      "ctx" : 1,
      "majf" : 0,
      "minf" : 15,
      "iodepth_level" : {
        "1" : 0.000000,
        "2" : 0.000000,
        "4" : 0.000000,
        "8" : 0.000000,
        "16" : 0.000000,
        "32" : 0.000000,
        ">=64" : 100.000000
      },
      "iodepth_submit" : {
        "0" : 0.000000,
        "4" : 0.000000,
        "8" : 0.000000,
        "16" : 0.000000,
        "32" : 0.000000,
        "64" : 0.000000,
        ">=64" : 0.000000
      },
      "iodepth_complete" : {
        "0" : 0.000000,
        "4" : 99.999750,
        "8" : 0.000000,
        "16" : 0.000000,
        "32" : 0.000000,
        "64" : 0.000000,
        ">=64" : 0.100000
      },
      "latency_ns" : {
        "2" : 0.000000,
        "4" : 0.000000,
        "10" : 0.000000,
        "20" : 0.000000,
        "50" : 0.000000,
        "100" : 0.000000,
        "250" : 0.000000,
        "500" : 0.000000,
        "750" : 0.000000,
        "1000" : 0.000000
      },
      "latency_us" : {
        "2" : 0.000000,
        "4" : 0.000000,
        "10" : 0.000000,
        "20" : 0.000000,
        "50" : 0.010763,
        "100" : 0.378716,
        "250" : 6.961813,
        "500" : 14.604714,
        "750" : 11.034322,
        "1000" : 9.312705
      },
      "latency_ms" : {
        "2" : 26.412738,
        "4" : 25.646545,
        "10" : 5.669473,
        "20" : 0.000000,
        "50" : 0.000000,
        "100" : 0.000000,
        "250" : 0.000000,
        "500" : 0.000000,
        "750" : 0.000000,
        "1000" : 0.000000,
        "2000" : 0.000000,
        ">=2000" : 0.000000
      },
      "latency_depth" : 128,
      "latency_target" : 0,