{
  "fio version" : "fio-3.16",
  "timestamp" : 1698783944,
  "timestamp_ms" : 1698783944612,
  "time" : "Tue Oct 31 14:25:44 2023",
  "jobs" : [
    {
      "jobname" : "io_uring_readwrite_iodepth_8",
      "groupid" : 0,
      "error" : 0,
      "eta" : 0,
      "elapsed" : 10,
      "job options" : {
        "name" : "io_uring_readwrite_iodepth_8",
        "filename" : "data/io_uring_readwrite_iodepth_8.fio",
        "ioengine" : "io_uring",
        "size" : "1m",
        "runtime" : "5",
        "ramp_time" : "4",
        "rw" : "readwrite",
        "direct" : "1",
        "iodepth" : "8"
      },
      "read" : {
        "io_bytes" : 336121856,
        "io_kbytes" : 328244,
        "bw_bytes" : 67210929,
        "bw" : 65635,
        "iops" : 16407.518496,
        "runtime" : 5001,
        "total_ios" : 82054,
        "short_ios" : 0,
        "drop_ios" : 0,
        "slat_ns" : {
          "min" : 3086,
          "max" : 25908,
          "mean" : 5134.346869,
          "stddev" : 2401.056010
        },
        "clat_ns" : {
          "min" : 68188,
          "max" : 5802455,
          "mean" : 424059.270177,
          "stddev" : 556724.530349,
          "percentile" : {
            "1.000000" : 110080,
            "5.000000" : 136192,
            "10.000000" : 152576,
            "20.000000" : 183296,
            "30.000000" : 211968,
            "40.000000" : 238592,
            "50.000000" : 268288,
            "60.000000" : 301056,
            "70.000000" : 346112,
            "80.000000" : 419840,
            "90.000000" : 667648,
            "95.000000" : 1417216,
            "99.000000" : 3129344,
            "99.500000" : 3227648,
            "99.900000" : 3457024,
            "99.950000" : 3522560,
            "99.990000" : 3751936
          }
        },
        "lat_ns" : {
          "min" : 72045,
          "max" : 5806292,
          "mean" : 429273.601455,
          "stddev" : 556602.550396
        },
        "bw_min" : 56376,
        "bw_max" : 73884,
        "bw_agg" : 98.150208,
        "bw_mean" : 64420.888889,
        "bw_dev" : 6026.670649,
        "bw_samples" : 9,
        "iops_min" : 14094,
        "iops_max" : 18471,
        "iops_mean" : 16105.222222,
        "iops_stddev" : 1506.667662,
        "iops_samples" : 9
      },
      "write" : {
        "io_bytes" : 337944576,
        "io_kbytes" : 330024,
        "bw_bytes" : 67575400,
        "bw" : 65991,
        "iops" : 16497.900420,
        "runtime" : 5001,
        "total_ios" : 82506,
        "short_ios" : 0,
        "drop_ios" : 0,
        "slat_ns" : {
          "min" : 3186,
          "max" : 29194,
          "mean" : 5385.876676,
          "stddev" : 2434.346210
        },
        "clat_ns" : {
          "min" : 20278,
          "max" : 277721,
          "mean" : 51950.432538,
          "stddev" : 25318.215594,
          "percentile" : {
            "1.000000" : 25984,
            "5.000000" : 27008,
            "10.000000" : 27776,
            "20.000000" : 29824,
            "30.000000" : 34048,
            "40.000000" : 38656,
            "50.000000" : 43264,
            "60.000000" : 50944,
            "70.000000" : 60672,
            "80.000000" : 73216,
            "90.000000" : 87552,
            "95.000000" : 97792,
            "99.000000" : 136192,
            "99.500000" : 154624,
            "99.900000" : 193536,
            "99.950000" : 207872,
            "99.990000" : 238592
          }
        },
        "lat_ns" : {
          "min" : 30146,
          "max" : 281808,
          "mean" : 57417.134233,
          "stddev" : 25435.930114
        },
        "bw_min" : 55584,
        "bw_max" : 73772,
        "bw_agg" : 97.969588,
        "bw_mean" : 64651.111111,
        "bw_dev" : 5808.190003,
        "bw_samples" : 9,
        "iops_min" : 13896,
        "iops_max" : 18443,
        "iops_mean" : 16162.777778,
        "iops_stddev" : 1452.047501,
        "iops_samples" : 9
      },
      "trim" : {
        "io_bytes" : 0,
        "io_kbytes" : 0,
        "bw_bytes" : 0,
        "bw" : 0,
        "iops" : 0.000000,
        "runtime" : 0,
        "total_ios" : 0,
        "short_ios" : 0,
        "drop_ios" : 0,
        "slat_ns" : {
          "min" : 0,
          "max" : 0,
          "mean" : 0.000000,
          "stddev" : 0.000000
        },
        "clat_ns" : {
          "min" : 0,
          "max" : 0,
          "mean" : 0.000000,
          "stddev" : 0.000000,
          "percentile" : {
            "1.000000" : 0,
            "5.000000" : 0,
            "10.000000" : 0,
            "20.000000" : 0,
            "30.000000" : 0,
            "40.000000" : 0,
            "50.000000" : 0,
            "60.000000" : 0,
            "70.000000" : 0,
            "80.000000" : 0,
            "90.000000" : 0,
            "95.000000" : 0,
            "99.000000" : 0,
            "99.500000" : 0,
            "99.900000" : 0,
            "99.950000" : 0,
            "99.990000" : 0
          }
        },
        "lat_ns" : {
          "min" : 0,
          "max" : 0,
          "mean" : 0.000000,
          "stddev" : 0.000000
        },
        "bw_min" : 0,
        "bw_max" : 0,
        "bw_agg" : 0.000000,
        "bw_mean" : 0.000000,
        "bw_dev" : 0.000000,
        "bw_samples" : 0,
        "iops_min" : 0,
        "iops_max" : 0,
        "iops_mean" : 0.000000,
        "iops_stddev" : 0.000000,
        "iops_samples" : 0
      },
      "sync" : {
        "lat_ns" : {
          "min" : 0,
          "max" : 0,
          "mean" : 0.000000,
          "stddev" : 0.000000,
          "percentile" : {
            "1.000000" : 0,
            "5.000000" : 0,
            "10.000000" : 0,
            "20.000000" : 0,
            "30.000000" : 0,
            "40.000000" : 0,
            "50.000000" : 0,
            "60.000000" : 0,
            "70.000000" : 0,
            "80.000000" : 0,
            "90.000000" : 0,
            "95.000000" : 0,
            "99.000000" : 0,
            "99.500000" : 0,
            "99.900000" : 0,
            "99.950000" : 0,
            "99.990000" : 0
          }
        },
        "total_ios" : 0
      },
      "job_runtime" : 5000,
      "usr_cpu" : 3.160000,
      "sys_cpu" : 20.120000,
      "ctx" : 125114,
      "majf" : 0,
      "minf" : 16,
      "iodepth_level" : {
        "1" : 0.000000,
        "2" : 0.000000,
        "4" : 0.000000,
        "8" : 100.000000,
        "16" : 0.000000,
        "32" : 0.000000,
        ">=64" : 0.000000
      },
      "iodepth_submit" : {
        "0" : 0.000000,
        "4" : 100.000000,
        "8" : 0.000000,
        "16" : 0.000000,
        "32" : 0.000000,
        "64" : 0.000000,
        ">=64" : 0.000000
      },
      "iodepth_complete" : {
        "0" : 0.000000,
        "4" : 99.999392,
        "8" : 0.100000,
        "16" : 0.000000,
        "32" : 0.000000,
        "64" : 0.000000,
        ">=64" : 0.000000
      },
      "latency_ns" : {
        "2" : 0.000000,
        "4" : 0.000000,
        "10" : 0.000000,
        "20" : 0.000000,
        "50" : 0.000000,
        "100" : 0.000000,
        "250" : 0.000000,
        "500" : 0.000000,
        "750" : 0.000000,
        "1000" : 0.000000
      },
      "latency_us" : {
        "2" : 0.000000,
        "4" : 0.000000,
        "10" : 0.000000,
        "20" : 0.000000,
        "50" : 29.594677,
        "100" : 18.585318,
        "250" : 23.882474,
        "500" : 20.578512,
        "750" : 3.021390,
        "1000" : 1.363029
      },
      "latency_ms" : {
        "2" : 0.896937,
        "4" : 2.077054,
        "10" : 0.010000,
        "20" : 0.000000,
        "50" : 0.000000,
        "100" : 0.000000,
        "250" : 0.000000,
        "500" : 0.000000,
        "750" : 0.000000,
        "1000" : 0.000000,
        "2000" : 0.000000,
        ">=2000" : 0.000000
      },
      "latency_depth" : 8,
      "latency_target" : 0,
      "latency_percentile" : 100.000000,
      "latency_window" : 0
    }
  ],