{
  "fio version" : "fio-3.16",
  "timestamp" : 1698783954,
  "timestamp_ms" : 1698783954055,
  "time" : "Tue Oct 31 14:25:54 2023",
  "jobs" : [
    {
      "jobname" : "io_uring_readwrite_iodepth_16",
      "groupid" : 0,
      "error" : 0,
      "eta" : 0,
      "elapsed" : 10,
      "job options" : {
        "name" : "io_uring_readwrite_iodepth_16",
        "filename" : "data/io_uring_readwrite_iodepth_16.fio",
        "ioengine" : "io_uring",
        "size" : "1m",
        "runtime" : "5",
        "ramp_time" : "4",
        "rw" : "readwrite",
        "direct" : "1",
        "iodepth" : "16"
      },
      "read" : {
        "io_bytes" : 428752896,
        "io_kbytes" : 418704,
        "bw_bytes" : 85733432,
        "bw" : 83724,
        "iops" : 20928.014397,
        "runtime" : 5001,
        "total_ios" : 104661,
        "short_ios" : 0,
        "drop_ios" : 0,
        "slat_ns" : {
          "min" : 3076,
          "max" : 44073,
          "mean" : 5764.886854,
          "stddev" : 2757.484365
        },
        "clat_ns" : {
          "min" : 62898,
          "max" : 4112505,
          "mean" : 662554.797719,
          "stddev" : 640477.180655,
          "percentile" : {
            "1.000000" : 207872,
            "5.000000" : 246784,
            "10.000000" : 280576,
            "20.000000" : 329728,
            "30.000000" : 370688,
            "40.000000" : 415744,
            "50.000000" : 468992,
            "60.000000" : 536576,
            "70.000000" : 618496,
            "80.000000" : 733184,
            "90.000000" : 1019904,
            "95.000000" : 2473984,
            "99.000000" : 3358720,
            "99.500000" : 3457024,
            "99.900000" : 3686400,
            "99.950000" : 3784704,
            "99.990000" : 4014080
          }
        },
        "lat_ns" : {
          "min" : 66835,
          "max" : 4116773,
          "mean" : 668397.613646,
          "stddev" : 640341.878669
        },
        "bw_min" : 65920,
        "bw_max" : 107336,
        "bw_agg" : 99.990445,
        "bw_mean" : 83716.000000,
        "bw_dev" : 12776.941592,
        "bw_samples" : 10,
        "iops_min" : 16480,
        "iops_max" : 26834,
        "iops_mean" : 20929.000000,
        "iops_stddev" : 3194.235398,
        "iops_samples" : 10
      },
      "write" : {
        "io_bytes" : 429404160,
        "io_kbytes" : 419340,
        "bw_bytes" : 85863659,
        "bw" : 83851,
        "iops" : 20962.807439,
        "runtime" : 5001,
        "total_ios" : 104835,
        "short_ios" : 0,
        "drop_ios" : 0,
        "slat_ns" : {
          "min" : 3286,
          "max" : 29175,
          "mean" : 6050.329442,
          "stddev" : 2791.584620
        },
        "clat_ns" : {
          "min" : 24205,
          "max" : 869631,
          "mean" : 89022.009882,
          "stddev" : 55385.793014,
          "percentile" : {
            "1.000000" : 26496,
            "5.000000" : 27776,
            "10.000000" : 29056,
            "20.000000" : 36096,
            "30.000000" : 43264,
            "40.000000" : 56064,
            "50.000000" : 74240,
            "60.000000" : 96768,
            "70.000000" : 121344,
            "80.000000" : 144384,
            "90.000000" : 168960,
            "95.000000" : 185344,
            "99.000000" : 216064,
            "99.500000" : 240640,
            "99.900000" : 329728,
            "99.950000" : 358400,
            "99.990000" : 444416
          }
        },
        "lat_ns" : {
          "min" : 30458,
          "max" : 873729,
          "mean" : 95151.500024,
          "stddev" : 55858.237507
        },
        "bw_min" : 67552,
        "bw_max" : 106776,
        "bw_agg" : 100.000000,
        "bw_mean" : 83853.400000,
        "bw_dev" : 12267.767199,
        "bw_samples" : 10,
        "iops_min" : 16888,
        "iops_max" : 26694,
        "iops_mean" : 20963.300000,
        "iops_stddev" : 3067.010852,
        "iops_samples" : 10
      },
      "trim" : {
        "io_bytes" : 0,
        "io_kbytes" : 0,
        "bw_bytes" : 0,
        "bw" : 0,
        "iops" : 0.000000,
        "runtime" : 0,
        "total_ios" : 0,
        "short_ios" : 0,
        "drop_ios" : 0,
        "slat_ns" : {
          "min" : 0,
          "max" : 0,
          "mean" : 0.000000,
          "stddev" : 0.000000
        },
        "clat_ns" : {
          "min" : 0,
          "max" : 0,
          "mean" : 0.000000,
          "stddev" : 0.000000,
          "percentile" : {
            "1.000000" : 0,
            "5.000000" : 0,
            "10.000000" : 0,
            "20.000000" : 0,
            "30.000000" : 0,
            "40.000000" : 0,
            "50.000000" : 0,
            "60.000000" : 0,
            "70.000000" : 0,
            "80.000000" : 0,
            "90.000000" : 0,
            "95.000000" : 0,
            "99.000000" : 0,
            "99.500000" : 0,
            "99.900000" : 0,
            "99.950000" : 0,
            "99.990000" : 0
          }
        },
        "lat_ns" : {
          "min" : 0,
          "max" : 0,
          "mean" : 0.000000,
          "stddev" : 0.000000
        },
        "bw_min" : 0,
        "bw_max" : 0,
        "bw_agg" : 0.000000,
        "bw_mean" : 0.000000,
        "bw_dev" : 0.000000,
        "bw_samples" : 0,
        "iops_min" : 0,
        "iops_max" : 0,
        "iops_mean" : 0.000000,
        "iops_stddev" : 0.000000,
        "iops_samples" : 0
      },
      "sync" : {
        "lat_ns" : {
          "min" : 0,
          "max" : 0,
          "mean" : 0.000000,
          "stddev" : 0.000000,
          "percentile" : {
            "1.000000" : 0,
            "5.000000" : 0,
            "10.000000" : 0,
            "20.000000" : 0,
            "30.000000" : 0,
            "40.000000" : 0,
            "50.000000" : 0,
            "60.000000" : 0,
            "70.000000" : 0,
            "80.000000" : 0,
            "90.000000" : 0,
            "95.000000" : 0,
            "99.000000" : 0,
            "99.500000" : 0,
            "99.900000" : 0,
            "99.950000" : 0,
            "99.990000" : 0
          }
        },
        "total_ios" : 0
      },
      "job_runtime" : 5000,
      "usr_cpu" : 2.980000,
      "sys_cpu" : 28.780000,
      "ctx" : 141107,
      "majf" : 0,
      "minf" : 15,
      "iodepth_level" : {
        "1" : 0.000000,
        "2" : 0.000000,
        "4" : 0.000000,
        "8" : 0.000000,
        "16" : 100.000000,
        "32" : 0.000000,
        ">=64" : 0.000000
      },
      "iodepth_submit" : {
        "0" : 0.000000,
        "4" : 100.000000,
        "8" : 0.000000,
        "16" : 0.000000,
        "32" : 0.000000,
        "64" : 0.000000,
        ">=64" : 0.000000
      },
      "iodepth_complete" : {
        "0" : 0.000000,
        "4" : 99.999523,
        "8" : 0.000000,
        "16" : 0.100000,
        "32" : 0.000000,
        "64" : 0.000000,
        ">=64" : 0.000000
      },
      "latency_ns" : {
        "2" : 0.000000,
        "4" : 0.000000,
        "10" : 0.000000,
        "20" : 0.000000,
        "50" : 0.000000,
        "100" : 0.000000,
        "250" : 0.000000,
        "500" : 0.000000,
        "750" : 0.000000,
        "1000" : 0.000000
      },
      "latency_us" : {
        "2" : 0.000000,
        "4" : 0.000000,
        "10" : 0.000000,
        "20" : 0.000000,
        "50" : 18.048555,
        "100" : 12.613129,
        "250" : 21.870585,
        "500" : 24.859663,
        "750" : 13.067075,
        "1000" : 4.366193
      },
      "latency_ms" : {
        "2" : 2.235842,
        "4" : 2.940868,
        "10" : 0.010000,
        "20" : 0.000000,
        "50" : 0.000000,
        "100" : 0.000000,
        "250" : 0.000000,
        "500" : 0.000000,
        "750" : 0.000000,
        "1000" : 0.000000,
        "2000" : 0.000000,
        ">=2000" : 0.000000
      },
      "latency_depth" : 16,
      "latency_target" : 0,
      "latency_percentile" : 100.000000,
      "latency_window" : 0
    }
  ],