{
  "fio version" : "fio-3.16",
  "timestamp" : 1698783972,
  "timestamp_ms" : 1698783972956,
  "time" : "Tue Oct 31 14:26:12 2023",
  "jobs" : [
    {
      "jobname" : "io_uring_readwrite_iodepth_64",
      "groupid" : 0,
      "error" : 0,
      "eta" : 0,
      "elapsed" : 10,
      "job options" : {
        "name" : "io_uring_readwrite_iodepth_64",
        "filename" : "data/io_uring_readwrite_iodepth_64.fio",
        "ioengine" : "io_uring",
        "size" : "1m",
        "runtime" : "5",
        "ramp_time" : "4",
        "rw" : "readwrite",
        "direct" : "1",
        "iodepth" : "64"
      },
      "read" : {
        "io_bytes" : 637718528,
        "io_kbytes" : 622772,
        "bw_bytes" : 127492708,
        "bw" : 124504,
        "iops" : 31114.954018,
        "runtime" : 5002,
        "total_ios" : 155637,
        "short_ios" : 0,
        "drop_ios" : 0,
        "slat_ns" : {
          "min" : 1272,
          "max" : 157857,
          "mean" : 2378.855047,
          "stddev" : 2080.318312
        },
        "clat_ns" : {
          "min" : 137908,
          "max" : 7613593,
          "mean" : 1690390.011330,
          "stddev" : 918542.576690,
          "percentile" : {
            "1.000000" : 440320,
            "5.000000" : 626688,
            "10.000000" : 741376,
            "20.000000" : 913408,
            "30.000000" : 1073152,
            "40.000000" : 1269760,
            "50.000000" : 1482752,
            "60.000000" : 1695744,
            "70.000000" : 1957888,
            "80.000000" : 2342912,
            "90.000000" : 3129344,
            "95.000000" : 3620864,
            "99.000000" : 4358144,
            "99.500000" : 4554752,
            "99.900000" : 5144576,
            "99.950000" : 5341184,
            "99.990000" : 6324224
          }
        },
        "lat_ns" : {
          "min" : 140062,
          "max" : 7615607,
          "mean" : 1692837.735679,
          "stddev" : 918420.581716
        },
        "bw_min" : 110592,
        "bw_max" : 140864,
        "bw_agg" : 100.000000,
        "bw_mean" : 124504.600000,
        "bw_dev" : 11394.569937,
        "bw_samples" : 10,
        "iops_min" : 27648,
        "iops_max" : 35216,
        "iops_mean" : 31126.100000,
        "iops_stddev" : 2848.698980,
        "iops_samples" : 10
      },
      "write" : {
        "io_bytes" : 639840256,
        "io_kbytes" : 624844,
        "bw_bytes" : 127916884,
        "bw" : 124918,
        "iops" : 31228.308677,
        "runtime" : 5002,
        "total_ios" : 156204,
        "short_ios" : 0,
        "drop_ios" : 0,
        "slat_ns" : {
          "min" : 1302,
          "max" : 32792,
          "mean" : 2494.486012,
          "stddev" : 2117.148026
        },
        "clat_ns" : {
          "min" : 28975,
          "max" : 4183588,
          "mean" : 358924.954101,
          "stddev" : 278578.182113,
          "percentile" : {
            "1.000000" : 67072,
            "5.000000" : 94720,
            "10.000000" : 116224,
            "20.000000" : 154624,
            "30.000000" : 193536,
            "40.000000" : 238592,
            "50.000000" : 296960,
            "60.000000" : 358400,
            "70.000000" : 436224,
            "80.000000" : 528384,
            "90.000000" : 659456,
            "95.000000" : 757760,
            "99.000000" : 1318912,
            "99.500000" : 1957888,
            "99.900000" : 3031040,
            "99.950000" : 3391488,
            "99.990000" : 3915776
          }
        },
        "lat_ns" : {
          "min" : 34755,
          "max" : 4185622,
          "mean" : 361498.013027,
          "stddev" : 278601.786581
        },
        "bw_min" : 110688,
        "bw_max" : 140992,
        "bw_agg" : 100.000000,
        "bw_mean" : 124922.800000,
        "bw_dev" : 11161.296309,
        "bw_samples" : 10,
        "iops_min" : 27672,
        "iops_max" : 35248,
        "iops_mean" : 31230.700000,
        "iops_stddev" : 2790.324077,
        "iops_samples" : 10
      },
      "trim" : {
        "io_bytes" : 0,
        "io_kbytes" : 0,
        "bw_bytes" : 0,
        "bw" : 0,
        "iops" : 0.000000,
        "runtime" : 0,
        "total_ios" : 0,
        "short_ios" : 0,
        "drop_ios" : 0,
        "slat_ns" : {
          "min" : 0,
          "max" : 0,
          "mean" : 0.000000,
          "stddev" : 0.000000
        },
        "clat_ns" : {
          "min" : 0,
          "max" : 0,
          "mean" : 0.000000,
          "stddev" : 0.000000,
          "percentile" : {
            "1.000000" : 0,
            "5.000000" : 0,
            "10.000000" : 0,
            "20.000000" : 0,
            "30.000000" : 0,
            "40.000000" : 0,
            "50.000000" : 0,
            "60.000000" : 0,
            "70.000000" : 0,
            "80.000000" : 0,
            "90.000000" : 0,
            "95.000000" : 0,
            "99.000000" : 0,
            "99.500000" : 0,
            "99.900000" : 0,
            "99.950000" : 0,
            "99.990000" : 0
          }
        },
        "lat_ns" : {
          "min" : 0,
          "max" : 0,
          "mean" : 0.000000,
          "stddev" : 0.000000
        },
        "bw_min" : 0,
        "bw_max" : 0,
        "bw_agg" : 0.000000,
        "bw_mean" : 0.000000,
        "bw_dev" : 0.000000,
        "bw_samples" : 0,
        "iops_min" : 0,
        "iops_max" : 0,
        "iops_mean" : 0.000000,
        "iops_stddev" : 0.000000,
        "iops_samples" : 0
      },
      "sync" : {
        "lat_ns" : {
          "min" : 0,
          "max" : 0,
          "mean" : 0.000000,
          "stddev" : 0.000000,
          "percentile" : {
            "1.000000" : 0,
            "5.000000" : 0,
            "10.000000" : 0,
            "20.000000" : 0,
            "30.000000" : 0,
            "40.000000" : 0,
            "50.000000" : 0,
            "60.000000" : 0,
            "70.000000" : 0,
            "80.000000" : 0,
            "90.000000" : 0,
            "95.000000" : 0,
            "99.000000" : 0,
            "99.500000" : 0,
            "99.900000" : 0,
            "99.950000" : 0,
            "99.990000" : 0
          }
        },
        "total_ios" : 0
      },
      "job_runtime" : 5001,
      "usr_cpu" : 4.139172,
      "sys_cpu" : 13.777245,
      "ctx" : 139056,
      "majf" : 0,
      "minf" : 16,
      "iodepth_level" : {
        "1" : 0.000000,
        "2" : 0.000000,
        "4" : 0.000000,
        "8" : 0.000000,
        "16" : 0.000000,
        "32" : 0.000000,
        ">=64" : 100.000000
      },
      "iodepth_submit" : {
        "0" : 0.000000,
        "4" : 100.000000,
        "8" : 0.000000,
        "16" : 0.000000,
        "32" : 0.000000,
        "64" : 0.000000,
        ">=64" : 0.000000
      },
      "iodepth_complete" : {
        "0" : 0.000000,
        "4" : 99.999679,
        "8" : 0.000000,
        "16" : 0.000000,
        "32" : 0.000000,
        "64" : 0.100000,
        ">=64" : 0.000000
      },
      "latency_ns" : {
        "2" : 0.000000,
        "4" : 0.000000,
        "10" : 0.000000,
        "20" : 0.000000,
        "50" : 0.000000,
        "100" : 0.000000,
        "250" : 0.000000,
        "500" : 0.000000,
        "750" : 0.000000,
        "1000" : 0.000000
      },
      "latency_us" : {
        "2" : 0.000000,
        "4" : 0.000000,
        "10" : 0.000000,
        "20" : 0.000000,
        "50" : 0.113840,
        "100" : 2.956635,
        "250" : 17.971338,
        "500" : 18.453956,
        "750" : 13.192621,
        "1000" : 9.201484
      },
      "latency_ms" : {
        "2" : 23.712084,
        "4" : 13.168570,
        "10" : 1.249675,
        "20" : 0.000000,
        "50" : 0.000000,
        "100" : 0.000000,
        "250" : 0.000000,
        "500" : 0.000000,
        "750" : 0.000000,
        "1000" : 0.000000,
        "2000" : 0.000000,
        ">=2000" : 0.000000
      },
      "latency_depth" : 64,
      "latency_target" : 0,
      "latency_percentile" : 100.000000,