{
  "fio version" : "fio-3.16",
  "timestamp" : 1698783982,
  "timestamp_ms" : 1698783982399,
  "time" : "Tue Oct 31 14:26:22 2023",
  "jobs" : [
    {
      "jobname" : "io_uring_readwrite_iodepth_128",
      "groupid" : 0,
      "error" : 0,
      "eta" : 0,
      "elapsed" : 10,
      "job options" : {
        "name" : "io_uring_readwrite_iodepth_128",
        "filename" : "data/io_uring_readwrite_iodepth_128.fio",
        "ioengine" : "io_uring",
        "size" : "1m",
        "runtime" : "5",
        "ramp_time" : "4",
        "rw" : "readwrite",
        "direct" : "1",
        "iodepth" : "128"
      },
      "read" : {
        "io_bytes" : 816545792,
        "io_kbytes" : 797408,
        "bw_bytes" : 163243860,
        "bw" : 159417,
        "iops" : 39835.665734,
        "runtime" : 5002,
        "total_ios" : 199258,
        "short_ios" : 0,
        "drop_ios" : 0,
        "slat_ns" : {
          "min" : 1273,
          "max" : 33883,
          "mean" : 1638.567510,
          "stddev" : 560.847805
        },
        "clat_ns" : {
          "min" : 182642,
          "max" : 9860057,
          "mean" : 2536421.668957,
          "stddev" : 1124711.657047,
          "percentile" : {
            "1.000000" : 724992,
            "5.000000" : 1073152,
            "10.000000" : 1236992,
            "20.000000" : 1499136,
            "30.000000" : 1744896,
            "40.000000" : 2023424,
            "50.000000" : 2342912,
            "60.000000" : 2736128,
            "70.000000" : 3162112,
            "80.000000" : 3588096,
            "90.000000" : 4079616,
            "95.000000" : 4423680,
            "99.000000" : 5341184,
            "99.500000" : 5931008,
            "99.900000" : 7438336,
            "99.950000" : 7897088,
            "99.990000" : 9633792
          }
        },
        "lat_ns" : {
          "min" : 184546,
          "max" : 9862001,
          "mean" : 2538115.526185,
          "stddev" : 1124694.677780
        },
        "bw_min" : 144416,
        "bw_max" : 176960,
        "bw_agg" : 99.959916,
        "bw_mean" : 159353.100000,
        "bw_dev" : 9075.369921,
        "bw_samples" : 10,
        "iops_min" : 36104,
        "iops_max" : 44240,
        "iops_mean" : 39838.200000,
        "iops_stddev" : 2268.815736,
        "iops_samples" : 10
      },
      "write" : {
        "io_bytes" : 813744128,
        "io_kbytes" : 794672,
        "bw_bytes" : 162683752,
        "bw" : 158870,
        "iops" : 39711.115554,
        "runtime" : 5002,
        "total_ios" : 198635,
        "short_ios" : 0,
        "drop_ios" : 0,
        "slat_ns" : {
          "min" : 1313,
          "max" : 15710,
          "mean" : 1723.472550,
          "stddev" : 514.914646
        },
        "clat_ns" : {
          "min" : 25728,
          "max" : 7052901,
          "mean" : 673750.750096,
          "stddev" : 493036.438698,
          "percentile" : {
            "1.000000" : 114176,
            "5.000000" : 171008,
            "10.000000" : 216064,
            "20.000000" : 292864,
            "30.000000" : 366592,
            "40.000000" : 456704,
            "50.000000" : 561152,
            "60.000000" : 684032,
            "70.000000" : 823296,
            "80.000000" : 987136,
            "90.000000" : 1220608,
            "95.000000" : 1417216,
            "99.000000" : 2637824,
            "99.500000" : 3457024,
            "99.900000" : 4227072,
            "99.950000" : 4358144,
            "99.990000" : 6127616
          }
        },
        "lat_ns" : {
          "min" : 34445,
          "max" : 7054874,
          "mean" : 675541.832817,
          "stddev" : 493052.944023
        },
        "bw_min" : 146448,
        "bw_max" : 177232,
        "bw_agg" : 100.000000,
        "bw_mean" : 158896.500000,
        "bw_dev" : 8477.734226,
        "bw_samples" : 10,
        "iops_min" : 36612,
        "iops_max" : 44308,
        "iops_mean" : 39724.100000,
        "iops_stddev" : 2119.425522,
        "iops_samples" : 10
      },
      "trim" : {
        "io_bytes" : 0,
        "io_kbytes" : 0,
        "bw_bytes" : 0,
        "bw" : 0,
        "iops" : 0.000000,
        "runtime" : 0,
        "total_ios" : 0,
        "short_ios" : 0,
        "drop_ios" : 0,
        "slat_ns" : {
          "min" : 0,
          "max" : 0,
          "mean" : 0.000000,
          "stddev" : 0.000000
        },
        "clat_ns" : {
          "min" : 0,
          "max" : 0,
          "mean" : 0.000000,
          "stddev" : 0.000000,
          "percentile" : {
            "1.000000" : 0,
            "5.000000" : 0,
            "10.000000" : 0,
            "20.000000" : 0,
            "30.000000" : 0,
            "40.000000" : 0,
            "50.000000" : 0,
            "60.000000" : 0,
            "70.000000" : 0,
            "80.000000" : 0,
            "90.000000" : 0,
            "95.000000" : 0,
            "99.000000" : 0,
            "99.500000" : 0,
            "99.900000" : 0,
            "99.950000" : 0,
            "99.990000" : 0
          }
        },
        "lat_ns" : {
          "min" : 0,
          "max" : 0,
          "mean" : 0.000000,
          "stddev" : 0.000000
        },
        "bw_min" : 0,
        "bw_max" : 0,
        "bw_agg" : 0.000000,
        "bw_mean" : 0.000000,
        "bw_dev" : 0.000000,
        "bw_samples" : 0,
        "iops_min" : 0,
        "iops_max" : 0,
        "iops_mean" : 0.000000,
        "iops_stddev" : 0.000000,
        "iops_samples" : 0
      },
      "sync" : {
        "lat_ns" : {
          "min" : 0,
          "max" : 0,
          "mean" : 0.000000,
          "stddev" : 0.000000,
          "percentile" : {
            "1.000000" : 0,
            "5.000000" : 0,
            "10.000000" : 0,
            "20.000000" : 0,
            "30.000000" : 0,
            "40.000000" : 0,
            "50.000000" : 0,
            "60.000000" : 0,
            "70.000000" : 0,
            "80.000000" : 0,
            "90.000000" : 0,
            "95.000000" : 0,
            "99.000000" : 0,
            "99.500000" : 0,
            "99.900000" : 0,
            "99.950000" : 0,
            "99.990000" : 0
          }
        },
        "total_ios" : 0
      },
      "job_runtime" : 5001,
      "usr_cpu" : 6.558688,
      "sys_cpu" : 12.717457,
      "ctx" : 82949,
      "majf" : 0,
      "minf" : 16,
      "iodepth_level" : {
        "1" : 0.000000,
        "2" : 0.000000,
        "4" : 0.000000,
        "8" : 0.000000,
        "16" : 0.000000,
        "32" : 0.000000,
        ">=64" : 100.000000
      },
      "iodepth_submit" : {
        "0" : 0.000000,
        "4" : 100.000000,
        "8" : 0.000000,
        "16" : 0.000000,
        "32" : 0.000000,
        "64" : 0.000000,
        ">=64" : 0.000000
      },
      "iodepth_complete" : {
        "0" : 0.000000,
        "4" : 99.999749,
        "8" : 0.000000,
        "16" : 0.000000,
        "32" : 0.000000,
        "64" : 0.000000,
        ">=64" : 0.100000
      },
      "latency_ns" : {
        "2" : 0.000000,
        "4" : 0.000000,
        "10" : 0.000000,
        "20" : 0.000000,
        "50" : 0.000000,
        "100" : 0.000000,
        "250" : 0.000000,
        "500" : 0.000000,
        "750" : 0.000000,
        "1000" : 0.000000
      },
      "latency_us" : {
        "2" : 0.000000,
        "4" : 0.000000,
        "10" : 0.000000,
        "20" : 0.000000,
        "50" : 0.010053,
        "100" : 0.249062,
        "250" : 6.967954,
        "500" : 14.921851,
        "750" : 10.784055,
        "1000" : 9.331403
      },
      "latency_ms" : {
        "2" : 26.440525,
        "4" : 25.607387,
        "10" : 5.719628,
        "20" : 0.000000,
        "50" : 0.000000,
        "100" : 0.000000,
        "250" : 0.000000,
        "500" : 0.000000,
        "750" : 0.000000,
        "1000" : 0.000000,
        "2000" : 0.000000,
        ">=2000" : 0.000000
      },
      "latency_depth" : 128,
      "latency_target" : 0,
      "latency_percentile" : 100.000000,