{
  "fio version" : "fio-3.16",
  "timestamp" : 1698783906,
  "timestamp_ms" : 1698783906826,
  "time" : "Tue Oct 31 14:25:06 2023",
  "jobs" : [
    {
      "jobname" : "libaio_readwrite_iodepth_128",
      "groupid" : 0,
      "error" : 0,
      "eta" : 0,
      "elapsed" : 10,
      "job options" : {
        "name" : "libaio_readwrite_iodepth_128",
        "filename" : "data/libaio_readwrite_iodepth_128.fio",
        "ioengine" : "libaio",
        "size" : "1m",
        "runtime" : "5",
        "ramp_time" : "4",
        "rw" : "readwrite",
        "direct" : "1",
        "iodepth" : "128"
      },
      "read" : {
        "io_bytes" : 808812544,
        "io_kbytes" : 789856,
        "bw_bytes" : 161633202,
        "bw" : 157844,
        "iops" : 39445.443645,
        "runtime" : 5004,
        "total_ios" : 197385,
        "short_ios" : 0,
        "drop_ios" : 0,
        "slat_ns" : {
          "min" : 1222,
          "max" : 36248,
          "mean" : 1865.323039,
          "stddev" : 1514.826357
        },
        "clat_ns" : {
          "min" : 145222,
          "max" : 8905536,
          "mean" : 2542687.208220,
          "stddev" : 1132277.756549,
          "percentile" : {
            "1.000000" : 724992,
            "5.000000" : 1056768,
            "10.000000" : 1220608,
            "20.000000" : 1499136,
            "30.000000" : 1744896,
            "40.000000" : 2023424,
            "50.000000" : 2342912,
            "60.000000" : 2736128,
            "70.000000" : 3162112,
            "80.000000" : 3588096,
            "90.000000" : 4079616,
            "95.000000" : 4489216,
            "99.000000" : 5472256,
            "99.500000" : 6062080,
            "99.900000" : 7438336,
            "99.950000" : 7897088,
            "99.990000" : 8454144
          }
        },
        "lat_ns" : {
          "min" : 147126,
          "max" : 8906908,
          "mean" : 2544602.912799,
          "stddev" : 1132225.233568
        },
        "bw_min" : 140512,
        "bw_max" : 175088,
        "bw_agg" : 100.000000,
        "bw_mean" : 157884.000000,
        "bw_dev" : 10234.324295,
        "bw_samples" : 10,
        "iops_min" : 35128,
        "iops_max" : 43772,
        "iops_mean" : 39471.000000,
        "iops_stddev" : 2558.581074,
        "iops_samples" : 10
      },
      "write" : {
        "io_bytes" : 806440960,
        "io_kbytes" : 787540,
        "bw_bytes" : 161159264,
        "bw" : 157382,
        "iops" : 39335.931255,
        "runtime" : 5004,
        "total_ios" : 196837,
        "short_ios" : 0,
        "drop_ios" : 0,
        "slat_ns" : {
          "min" : 1263,
          "max" : 40025,
          "mean" : 1980.163267,
          "stddev" : 1580.611995
        },
        "clat_ns" : {
          "min" : 31579,
          "max" : 5215564,
          "mean" : 698494.689474,
          "stddev" : 511392.907043,
          "percentile" : {
            "1.000000" : 134144,
            "5.000000" : 193536,
            "10.000000" : 238592,
            "20.000000" : 313344,
            "30.000000" : 391168,
            "40.000000" : 481280,
            "50.000000" : 585728,
            "60.000000" : 700416,
            "70.000000" : 831488,
            "80.000000" : 995328,
            "90.000000" : 1220608,
            "95.000000" : 1466368,
            "99.000000" : 3063808,
            "99.500000" : 3555328,
            "99.900000" : 4227072,
            "99.950000" : 4489216,
            "99.990000" : 5079040
          }
        },
        "lat_ns" : {
          "min" : 35527,
          "max" : 5216987,
          "mean" : 700528.527831,
          "stddev" : 511397.463358
        },
        "bw_min" : 139992,
        "bw_max" : 176136,
        "bw_agg" : 100.000000,
        "bw_mean" : 157493.600000,
        "bw_dev" : 10979.008366,
        "bw_samples" : 10,
        "iops_min" : 34998,
        "iops_max" : 44034,
        "iops_mean" : 39373.400000,
        "iops_stddev" : 2744.752092,
        "iops_samples" : 10
      },
      "trim" : {
        "io_bytes" : 0,
        "io_kbytes" : 0,
        "bw_bytes" : 0,
        "bw" : 0,
        "iops" : 0.000000,
        "runtime" : 0,
        "total_ios" : 0,
        "short_ios" : 0,
        "drop_ios" : 0,
        "slat_ns" : {
          "min" : 0,
          "max" : 0,
          "mean" : 0.000000,
          "stddev" : 0.000000
        },
        "clat_ns" : {
          "min" : 0,
          "max" : 0,
          "mean" : 0.000000,
          "stddev" : 0.000000,
          "percentile" : {
            "1.000000" : 0,
            "5.000000" : 0,
            "10.000000" : 0,
            "20.000000" : 0,
            "30.000000" : 0,
            "40.000000" : 0,
            "50.000000" : 0,
            "60.000000" : 0,
            "70.000000" : 0,
            "80.000000" : 0,
            "90.000000" : 0,
            "95.000000" : 0,
            "99.000000" : 0,
            "99.500000" : 0,
            "99.900000" : 0,
            "99.950000" : 0,
            "99.990000" : 0
          }
        },
        "lat_ns" : {
          "min" : 0,
          "max" : 0,
          "mean" : 0.000000,
          "stddev" : 0.000000
        },
        "bw_min" : 0,
        "bw_max" : 0,
        "bw_agg" : 0.000000,
        "bw_mean" : 0.000000,
        "bw_dev" : 0.000000,
        "bw_samples" : 0,
        "iops_min" : 0,
        "iops_max" : 0,
        "iops_mean" : 0.000000,
        "iops_stddev" : 0.000000,
        "iops_samples" : 0
      },
      "sync" : {
        "lat_ns" : {
          "min" : 0,
          "max" : 0,
          "mean" : 0.000000,
          "stddev" : 0.000000,
          "percentile" : {
            "1.000000" : 0,
            "5.000000" : 0,
            "10.000000" : 0,
            "20.000000" : 0,
            "30.000000" : 0,
            "40.000000" : 0,
            "50.000000" : 0,
            "60.000000" : 0,
            "70.000000" : 0,
            "80.000000" : 0,
            "90.000000" : 0,
            "95.000000" : 0,
            "99.000000" : 0,
            "99.500000" : 0,
            "99.900000" : 0,
            "99.950000" : 0,
            "99.990000" : 0
          }
        },
        "total_ios" : 0
      },
      "job_runtime" : 5003,
      "usr_cpu" : 4.457326,
      "sys_cpu" : 15.690586,
      "ctx" : 86172,
      "majf" : 0,
      "minf" : 16,
      "iodepth_level" : {
        "1" : 0.000000,
        "2" : 0.000000,
        "4" : 0.000000,
        "8" : 0.000000,
        "16" : 0.000000,
        "32" : 0.000000,
        ">=64" : 100.000000
      },
      "iodepth_submit" : {
        "0" : 0.000000,
        "4" : 100.000000,
        "8" : 0.000000,
        "16" : 0.000000,
        "32" : 0.000000,
        "64" : 0.000000,
        ">=64" : 0.000000
      },
      "iodepth_complete" : {
        "0" : 0.000000,
        "4" : 99.999746,
        "8" : 0.000000,
        "16" : 0.000000,
        "32" : 0.000000,
        "64" : 0.000000,
        ">=64" : 0.100000
      },
      "latency_ns" : {
        "2" : 0.000000,
        "4" : 0.000000,
        "10" : 0.000000,
        "20" : 0.000000,
        "50" : 0.000000,
        "100" : 0.000000,
        "250" : 0.000000,
        "500" : 0.000000,
        "750" : 0.000000,
        "1000" : 0.000000
      },
      "latency_us" : {
        "2" : 0.000000,
        "4" : 0.000000,
        "10" : 0.000000,
        "20" : 0.000000,
        "50" : 0.010000,
        "100" : 0.096646,
        "250" : 5.689688,
        "500" : 15.281491,
        "750" : 11.427825,
        "1000" : 9.556798
      },
      "latency_ms" : {
        "2" : 26.432568,
        "4" : 25.700494,
        "10" : 5.842647,
        "20" : 0.000000,
        "50" : 0.000000,
        "100" : 0.000000,
        "250" : 0.000000,
        "500" : 0.000000,
        "750" : 0.000000,
        "1000" : 0.000000,
        "2000" : 0.000000,
        ">=2000" : 0.000000
      },
      "latency_depth" : 128,
      "latency_target" : 0,
      "latency_percentile" : 100.000000,