{
  "fio version" : "fio-3.16",
  "timestamp" : 1698783868,
  "timestamp_ms" : 1698783868941,
  "time" : "Tue Oct 31 14:24:28 2023",
  "jobs" : [
    {
      "jobname" : "libaio_readwrite_iodepth_8",
      "groupid" : 0,
      "error" : 0,
      "eta" : 0,
      "elapsed" : 10,
      "job options" : {
        "name" : "libaio_readwrite_iodepth_8",
        "filename" : "data/libaio_readwrite_iodepth_8.fio",
        "ioengine" : "libaio",
        "size" : "1m",
        "runtime" : "5",
        "ramp_time" : "4",
        "rw" : "readwrite",
        "direct" : "1",
        "iodepth" : "8"
      },
      "read" : {
        "io_bytes" : 335769600,
        "io_kbytes" : 327900,
        "bw_bytes" : 67140491,
        "bw" : 65566,
        "iops" : 16390.121976,
        "runtime" : 5001,
        "total_ios" : 81967,
        "short_ios" : 0,
        "drop_ios" : 0,
        "slat_ns" : {
          "min" : 3075,
          "max" : 27161,
          "mean" : 5176.063281,
          "stddev" : 2468.189339
        },
        "clat_ns" : {
          "min" : 43472,
          "max" : 4071859,
          "mean" : 424555.187657,
          "stddev" : 559393.119265,
          "percentile" : {
            "1.000000" : 109056,
            "5.000000" : 136192,
            "10.000000" : 152576,
            "20.000000" : 183296,
            "30.000000" : 214016,
            "40.000000" : 240640,
            "50.000000" : 268288,
            "60.000000" : 301056,
            "70.000000" : 346112,
            "80.000000" : 423936,
            "90.000000" : 659456,
            "95.000000" : 1318912,
            "99.000000" : 3162112,
            "99.500000" : 3260416,
            "99.900000" : 3555328,
            "99.950000" : 3653632,
            "99.990000" : 3784704
          }
        },
        "lat_ns" : {
          "min" : 52789,
          "max" : 4075736,
          "mean" : 429805.323395,
          "stddev" : 559233.316564
        },
        "bw_min" : 51592,
        "bw_max" : 75016,
        "bw_agg" : 99.991764,
        "bw_mean" : 65560.600000,
        "bw_dev" : 9458.908560,
        "bw_samples" : 10,
        "iops_min" : 12898,
        "iops_max" : 18754,
        "iops_mean" : 16390.100000,
        "iops_stddev" : 2364.708695,
        "iops_samples" : 10
      },
      "write" : {
        "io_bytes" : 337805312,
        "io_kbytes" : 329888,
        "bw_bytes" : 67547552,
        "bw" : 65964,
        "iops" : 16491.101780,
        "runtime" : 5001,
        "total_ios" : 82472,
        "short_ios" : 0,
        "drop_ios" : 0,
        "slat_ns" : {
          "min" : 3156,
          "max" : 181801,
          "mean" : 5440.309450,
          "stddev" : 2591.906441
        },
        "clat_ns" : {
          "min" : 22853,
          "max" : 299031,
          "mean" : 51600.046658,
          "stddev" : 24720.317593,
          "percentile" : {
            "1.000000" : 25984,
            "5.000000" : 27264,
            "10.000000" : 27776,
            "20.000000" : 29824,
            "30.000000" : 34560,
            "40.000000" : 38656,
            "50.000000" : 43264,
            "60.000000" : 50432,
            "70.000000" : 60160,
            "80.000000" : 72192,
            "90.000000" : 86528,
            "95.000000" : 96768,
            "99.000000" : 132096,
            "99.500000" : 152576,
            "99.900000" : 189440,
            "99.950000" : 201728,
            "99.990000" : 226304
          }
        },
        "lat_ns" : {
          "min" : 30177,
          "max" : 308379,
          "mean" : 57114.554600,
          "stddev" : 24878.311035
        },
        "bw_min" : 51856,
        "bw_max" : 75144,
        "bw_agg" : 99.999242,
        "bw_mean" : 65963.500000,
        "bw_dev" : 9082.866694,
        "bw_samples" : 10,
        "iops_min" : 12964,
        "iops_max" : 18786,
        "iops_mean" : 16490.800000,
        "iops_stddev" : 2270.677863,
        "iops_samples" : 10
      },
      "trim" : {
        "io_bytes" : 0,
        "io_kbytes" : 0,
        "bw_bytes" : 0,
        "bw" : 0,
        "iops" : 0.000000,
        "runtime" : 0,
        "total_ios" : 0,
        "short_ios" : 0,
        "drop_ios" : 0,
        "slat_ns" : {
          "min" : 0,
          "max" : 0,
          "mean" : 0.000000,
          "stddev" : 0.000000
        },
        "clat_ns" : {
          "min" : 0,
          "max" : 0,
          "mean" : 0.000000,
          "stddev" : 0.000000,
          "percentile" : {
            "1.000000" : 0,
            "5.000000" : 0,
            "10.000000" : 0,
            "20.000000" : 0,
            "30.000000" : 0,
            "40.000000" : 0,
            "50.000000" : 0,
            "60.000000" : 0,
            "70.000000" : 0,
            "80.000000" : 0,
            "90.000000" : 0,
            "95.000000" : 0,
            "99.000000" : 0,
            "99.500000" : 0,
            "99.900000" : 0,
            "99.950000" : 0,
            "99.990000" : 0
          }
        },
        "lat_ns" : {
          "min" : 0,
          "max" : 0,
          "mean" : 0.000000,
          "stddev" : 0.000000
        },
        "bw_min" : 0,
        "bw_max" : 0,
        "bw_agg" : 0.000000,
        "bw_mean" : 0.000000,
        "bw_dev" : 0.000000,
        "bw_samples" : 0,
        "iops_min" : 0,
        "iops_max" : 0,
        "iops_mean" : 0.000000,
        "iops_stddev" : 0.000000,
        "iops_samples" : 0
      },
      "sync" : {
        "lat_ns" : {
          "min" : 0,
          "max" : 0,
          "mean" : 0.000000,
          "stddev" : 0.000000,
          "percentile" : {
            "1.000000" : 0,
            "5.000000" : 0,
            "10.000000" : 0,
            "20.000000" : 0,
            "30.000000" : 0,
            "40.000000" : 0,
            "50.000000" : 0,
            "60.000000" : 0,
            "70.000000" : 0,
            "80.000000" : 0,
            "90.000000" : 0,
            "95.000000" : 0,
            "99.000000" : 0,
            "99.500000" : 0,
            "99.900000" : 0,
            "99.950000" : 0,
            "99.990000" : 0
          }
        },
        "total_ios" : 0
      },
      "job_runtime" : 5000,
      "usr_cpu" : 2.620000,
      "sys_cpu" : 21.200000,
      "ctx" : 122497,
      "majf" : 0,
      "minf" : 15,
      "iodepth_level" : {
        "1" : 0.000000,
        "2" : 0.000000,
        "4" : 0.000000,
        "8" : 100.000000,
        "16" : 0.000000,
        "32" : 0.000000,
        ">=64" : 0.000000
      },
      "iodepth_submit" : {
        "0" : 0.000000,
        "4" : 100.000000,
        "8" : 0.000000,
        "16" : 0.000000,
        "32" : 0.000000,
        "64" : 0.000000,
        ">=64" : 0.000000
      },
      "iodepth_complete" : {
        "0" : 0.000000,
        "4" : 99.999392,
        "8" : 0.100000,
        "16" : 0.000000,
        "32" : 0.000000,
        "64" : 0.000000,
        ">=64" : 0.000000
      },
      "latency_ns" : {
        "2" : 0.000000,
        "4" : 0.000000,
        "10" : 0.000000,
        "20" : 0.000000,
        "50" : 0.000000,
        "100" : 0.000000,
        "250" : 0.000000,
        "500" : 0.000000,
        "750" : 0.000000,
        "1000" : 0.000000
      },
      "latency_us" : {
        "2" : 0.000000,
        "4" : 0.000000,
        "10" : 0.000000,
        "20" : 0.000000,
        "50" : 29.719835,
        "100" : 18.641563,
        "250" : 23.521184,
        "500" : 20.720754,
        "750" : 3.149496,
        "1000" : 1.379843
      },
      "latency_ms" : {
        "2" : 0.735227,
        "4" : 2.135746,
        "10" : 0.010000,
        "20" : 0.000000,
        "50" : 0.000000,
        "100" : 0.000000,
        "250" : 0.000000,
        "500" : 0.000000,
        "750" : 0.000000,
        "1000" : 0.000000,
        "2000" : 0.000000,
        ">=2000" : 0.000000
      },
      "latency_depth" : 8,
      "latency_target" : 0,
      "latency_percentile" : 100.000000,
      "latency_window" : 0
    }
  ],
  "disk_util" : [
    {
      "name" : "sda",