{
  "fio version" : "fio-3.16",
  "timestamp" : 1698783878,
  "timestamp_ms" : 1698783878406,
  "time" : "Tue Oct 31 14:24:38 2023",
  "jobs" : [
    {
      "jobname" : "libaio_readwrite_iodepth_16",
      "groupid" : 0,
      "error" : 0,
      "eta" : 0,
      "elapsed" : 10,
      "job options" : {
        "name" : "libaio_readwrite_iodepth_16",
        "filename" : "data/libaio_readwrite_iodepth_16.fio",
        "ioengine" : "libaio",
        "size" : "1m",
        "runtime" : "5",
        "ramp_time" : "4",
        "rw" : "readwrite",
        "direct" : "1",
        "iodepth" : "16"
      },
      "read" : {
        "io_bytes" : 415903744,
        "io_kbytes" : 406156,
        "bw_bytes" : 83164115,
        "bw" : 81214,
        "iops" : 20300.739852,
        "runtime" : 5001,
        "total_ios" : 101524,
        "short_ios" : 0,
        "drop_ios" : 0,
        "slat_ns" : {
          "min" : 2635,
          "max" : 48431,
          "mean" : 3872.466648,
          "stddev" : 2373.393354
        },
        "clat_ns" : {
          "min" : 68048,
          "max" : 4780838,
          "mean" : 688614.064419,
          "stddev" : 695299.357732,
          "percentile" : {
            "1.000000" : 207872,
            "5.000000" : 248832,
            "10.000000" : 280576,
            "20.000000" : 329728,
            "30.000000" : 370688,
            "40.000000" : 415744,
            "50.000000" : 468992,
            "60.000000" : 536576,
            "70.000000" : 626688,
            "80.000000" : 765952,
            "90.000000" : 1089536,
            "95.000000" : 2703360,
            "99.000000" : 3653632,
            "99.500000" : 3850240,
            "99.900000" : 4079616,
            "99.950000" : 4145152,
            "99.990000" : 4554752
          }
        },
        "lat_ns" : {
          "min" : 71103,
          "max" : 4783644,
          "mean" : 692608.750559,
          "stddev" : 695342.528179
        },
        "bw_min" : 58032,
        "bw_max" : 105464,
        "bw_agg" : 99.125356,
        "bw_mean" : 80503.666667,
        "bw_dev" : 14169.300653,
        "bw_samples" : 9,
        "iops_min" : 14508,
        "iops_max" : 26366,
        "iops_mean" : 20125.888889,
        "iops_stddev" : 3542.358693,
        "iops_samples" : 9
      },
      "write" : {
        "io_bytes" : 416854016,
        "io_kbytes" : 407084,
        "bw_bytes" : 83354132,
        "bw" : 81400,
        "iops" : 20350.129974,
        "runtime" : 5001,
        "total_ios" : 101771,
        "short_ios" : 0,
        "drop_ios" : 0,
        "slat_ns" : {
          "min" : 2755,
          "max" : 69280,
          "mean" : 4198.910672,
          "stddev" : 2494.505770
        },
        "clat_ns" : {
          "min" : 15159,
          "max" : 479199,
          "mean" : 90070.587554,
          "stddev" : 56668.054684,
          "percentile" : {
            "1.000000" : 24448,
            "5.000000" : 25472,
            "10.000000" : 26496,
            "20.000000" : 34560,
            "30.000000" : 43776,
            "40.000000" : 57600,
            "50.000000" : 76288,
            "60.000000" : 98816,
            "70.000000" : 122368,
            "80.000000" : 146432,
            "90.000000" : 171008,
            "95.000000" : 187392,
            "99.000000" : 220160,
            "99.500000" : 252928,
            "99.900000" : 333824,
            "99.950000" : 370688,
            "99.990000" : 448512
          }
        },
        "lat_ns" : {
          "min" : 26940,
          "max" : 482255,
          "mean" : 94392.470203,
          "stddev" : 56772.253736
        },
        "bw_min" : 59296,
        "bw_max" : 104360,
        "bw_agg" : 99.348485,
        "bw_mean" : 80869.666667,
        "bw_dev" : 13801.184985,
        "bw_samples" : 9,
        "iops_min" : 14824,
        "iops_max" : 26090,
        "iops_mean" : 20217.333333,
        "iops_stddev" : 3450.394470,
        "iops_samples" : 9
      },
      "trim" : {
        "io_bytes" : 0,
        "io_kbytes" : 0,
        "bw_bytes" : 0,
        "bw" : 0,
        "iops" : 0.000000,
        "runtime" : 0,
        "total_ios" : 0,
        "short_ios" : 0,
        "drop_ios" : 0,
        "slat_ns" : {
          "min" : 0,
          "max" : 0,
          "mean" : 0.000000,
          "stddev" : 0.000000
        },
        "clat_ns" : {
          "min" : 0,
          "max" : 0,
          "mean" : 0.000000,
          "stddev" : 0.000000,
          "percentile" : {
            "1.000000" : 0,
            "5.000000" : 0,
            "10.000000" : 0,
            "20.000000" : 0,
            "30.000000" : 0,
            "40.000000" : 0,
            "50.000000" : 0,
            "60.000000" : 0,
            "70.000000" : 0,
            "80.000000" : 0,
            "90.000000" : 0,
            "95.000000" : 0,
            "99.000000" : 0,
            "99.500000" : 0,
            "99.900000" : 0,
            "99.950000" : 0,
            "99.990000" : 0
          }
        },
        "lat_ns" : {
          "min" : 0,
          "max" : 0,
          "mean" : 0.000000,
          "stddev" : 0.000000
        },
        "bw_min" : 0,
        "bw_max" : 0,
        "bw_agg" : 0.000000,
        "bw_mean" : 0.000000,
        "bw_dev" : 0.000000,
        "bw_samples" : 0,
        "iops_min" : 0,
        "iops_max" : 0,
        "iops_mean" : 0.000000,
        "iops_stddev" : 0.000000,
        "iops_samples" : 0
      },
      "sync" : {
        "lat_ns" : {
          "min" : 0,
          "max" : 0,
          "mean" : 0.000000,
          "stddev" : 0.000000,
          "percentile" : {
            "1.000000" : 0,
            "5.000000" : 0,
            "10.000000" : 0,
            "20.000000" : 0,
            "30.000000" : 0,
            "40.000000" : 0,
            "50.000000" : 0,
            "60.000000" : 0,
            "70.000000" : 0,
            "80.000000" : 0,
            "90.000000" : 0,
            "95.000000" : 0,
            "99.000000" : 0,
            "99.500000" : 0,
            "99.900000" : 0,
            "99.950000" : 0,
            "99.990000" : 0
          }
        },
        "total_ios" : 0
      },
      "job_runtime" : 5000,
      "usr_cpu" : 4.080000,
      "sys_cpu" : 21.220000,
      "ctx" : 163451,
      "majf" : 0,
      "minf" : 16,
      "iodepth_level" : {
        "1" : 0.000000,
        "2" : 0.000000,
        "4" : 0.000000,
        "8" : 0.000000,
        "16" : 100.000000,
        "32" : 0.000000,
        ">=64" : 0.000000
      },
      "iodepth_submit" : {
        "0" : 0.000000,
        "4" : 100.000000,
        "8" : 0.000000,
        "16" : 0.000000,
        "32" : 0.000000,
        "64" : 0.000000,
        ">=64" : 0.000000
      },
      "iodepth_complete" : {
        "0" : 0.000000,
        "4" : 99.999508,
        "8" : 0.000000,
        "16" : 0.100000,
        "32" : 0.000000,
        "64" : 0.000000,
        ">=64" : 0.000000
      },
      "latency_ns" : {
        "2" : 0.000000,
        "4" : 0.000000,
        "10" : 0.000000,
        "20" : 0.000000,
        "50" : 0.000000,
        "100" : 0.000000,
        "250" : 0.000000,
        "500" : 0.000000,
        "750" : 0.000000,
        "1000" : 0.000000
      },
      "latency_us" : {
        "2" : 0.000000,
        "4" : 0.000000,
        "10" : 0.000000,
        "20" : 0.028530,
        "50" : 17.674316,
        "100" : 12.546300,
        "250" : 22.169261,
        "500" : 24.885511,
        "750" : 12.270346,
        "1000" : 4.577092
      },
      "latency_ms" : {
        "2" : 2.662141,
        "4" : 3.099437,
        "10" : 0.094444,
        "20" : 0.000000,
        "50" : 0.000000,
        "100" : 0.000000,
        "250" : 0.000000,
        "500" : 0.000000,
        "750" : 0.000000,
        "1000" : 0.000000,
        "2000" : 0.000000,
        ">=2000" : 0.000000
      },
      "latency_depth" : 16,
      "latency_target" : 0,
      "latency_percentile" : 100.000000,
      "latency_window" : 0
    }
  ],