{
  "fio version" : "fio-3.16",
  "timestamp" : 1698783887,
  "timestamp_ms" : 1698783887881,
  "time" : "Tue Oct 31 14:24:47 2023",
  "jobs" : [
    {
      "jobname" : "libaio_readwrite_iodepth_32",
      "groupid" : 0,
      "error" : 0,
      "eta" : 0,
      "elapsed" : 10,
      "job options" : {
        "name" : "libaio_readwrite_iodepth_32",
        "filename" : "data/libaio_readwrite_iodepth_32.fio",
        "ioengine" : "libaio",
        "size" : "1m",
        "runtime" : "5",
        "ramp_time" : "4",
        "rw" : "readwrite",
        "direct" : "1",
        "iodepth" : "32"
      },
      "read" : {
        "io_bytes" : 464334848,
        "io_kbytes" : 453452,
        "bw_bytes" : 92829837,
        "bw" : 90654,
        "iops" : 22657.337065,
        "runtime" : 5002,
        "total_ios" : 113332,
        "short_ios" : 0,
        "drop_ios" : 0,
        "slat_ns" : {
          "min" : 1714,
          "max" : 24295,
          "mean" : 5262.917781,
          "stddev" : 2447.858733
        },
        "clat_ns" : {
          "min" : 57578,
          "max" : 9078079,
          "mean" : 1241328.321736,
          "stddev" : 765279.694799,
          "percentile" : {
            "1.000000" : 272384,
            "5.000000" : 407552,
            "10.000000" : 497664,
            "20.000000" : 643072,
            "30.000000" : 765952,
            "40.000000" : 888832,
            "50.000000" : 1036288,
            "60.000000" : 1220608,
            "70.000000" : 1449984,
            "80.000000" : 1728512,
            "90.000000" : 2211840,
            "95.000000" : 2899968,
            "99.000000" : 3719168,
            "99.500000" : 3948544,
            "99.900000" : 4620288,
            "99.950000" : 6258688,
            "99.990000" : 8978432
          }
        },
        "lat_ns" : {
          "min" : 65433,
          "max" : 9083510,
          "mean" : 1246664.648236,
          "stddev" : 765019.823535
        },
        "bw_min" : 78320,
        "bw_max" : 110728,
        "bw_agg" : 99.989631,
        "bw_mean" : 90644.600000,
        "bw_dev" : 12056.166999,
        "bw_samples" : 10,
        "iops_min" : 19580,
        "iops_max" : 27682,
        "iops_mean" : 22661.100000,
        "iops_stddev" : 3013.996109,
        "iops_samples" : 10
      },
      "write" : {
        "io_bytes" : 464302080,
        "io_kbytes" : 453420,
        "bw_bytes" : 92823286,
        "bw" : 90647,
        "iops" : 22661.935226,
        "runtime" : 5002,
        "total_ios" : 113355,
        "short_ios" : 0,
        "drop_ios" : 0,
        "slat_ns" : {
          "min" : 2725,
          "max" : 49352,
          "mean" : 5595.540241,
          "stddev" : 2535.935961
        },
        "clat_ns" : {
          "min" : 18645,
          "max" : 814588,
          "mean" : 158963.943161,
          "stddev" : 132272.159496,
          "percentile" : {
            "1.000000" : 26752,
            "5.000000" : 27520,
            "10.000000" : 28288,
            "20.000000" : 34048,
            "30.000000" : 47360,
            "40.000000" : 79360,
            "50.000000" : 120320,
            "60.000000" : 164864,
            "70.000000" : 218112,
            "80.000000" : 280576,
            "90.000000" : 358400,
            "95.000000" : 419840,
            "99.000000" : 518144,
            "99.500000" : 552960,
            "99.900000" : 618496,
            "99.950000" : 634880,
            "99.990000" : 692224
          }
        },
        "lat_ns" : {
          "min" : 30327,
          "max" : 825138,
          "mean" : 164633.109329,
          "stddev" : 132936.841526
        },
        "bw_min" : 79600,
        "bw_max" : 108664,
        "bw_agg" : 100.000000,
        "bw_mean" : 90663.600000,
        "bw_dev" : 11318.897858,
        "bw_samples" : 10,
        "iops_min" : 19900,
        "iops_max" : 27166,
        "iops_mean" : 22665.900000,
        "iops_stddev" : 2829.724464,
        "iops_samples" : 10
      },
      "trim" : {
        "io_bytes" : 0,
        "io_kbytes" : 0,
        "bw_bytes" : 0,
        "bw" : 0,
        "iops" : 0.000000,
        "runtime" : 0,
        "total_ios" : 0,
        "short_ios" : 0,
        "drop_ios" : 0,
        "slat_ns" : {
          "min" : 0,
          "max" : 0,
          "mean" : 0.000000,
          "stddev" : 0.000000
        },
        "clat_ns" : {
          "min" : 0,
          "max" : 0,
          "mean" : 0.000000,
          "stddev" : 0.000000,
          "percentile" : {
            "1.000000" : 0,
            "5.000000" : 0,
            "10.000000" : 0,
            "20.000000" : 0,
            "30.000000" : 0,
            "40.000000" : 0,
            "50.000000" : 0,
            "60.000000" : 0,
            "70.000000" : 0,
            "80.000000" : 0,
            "90.000000" : 0,
            "95.000000" : 0,
            "99.000000" : 0,
            "99.500000" : 0,
            "99.900000" : 0,
            "99.950000" : 0,
            "99.990000" : 0
          }
        },
        "lat_ns" : {
          "min" : 0,
          "max" : 0,
          "mean" : 0.000000,
          "stddev" : 0.000000
        },
        "bw_min" : 0,
        "bw_max" : 0,
        "bw_agg" : 0.000000,
        "bw_mean" : 0.000000,
        "bw_dev" : 0.000000,
        "bw_samples" : 0,
        "iops_min" : 0,
        "iops_max" : 0,
        "iops_mean" : 0.000000,
        "iops_stddev" : 0.000000,
        "iops_samples" : 0
      },
      "sync" : {
        "lat_ns" : {
          "min" : 0,
          "max" : 0,
          "mean" : 0.000000,
          "stddev" : 0.000000,
          "percentile" : {
            "1.000000" : 0,
            "5.000000" : 0,
            "10.000000" : 0,
            "20.000000" : 0,
            "30.000000" : 0,
            "40.000000" : 0,
            "50.000000" : 0,
            "60.000000" : 0,
            "70.000000" : 0,
            "80.000000" : 0,
            "90.000000" : 0,
            "95.000000" : 0,
            "99.000000" : 0,
            "99.500000" : 0,
            "99.900000" : 0,
            "99.950000" : 0,
            "99.990000" : 0
          }
        },
        "total_ios" : 0
      },
      "job_runtime" : 5001,
      "usr_cpu" : 4.979004,
      "sys_cpu" : 28.074385,
      "ctx" : 164280,
      "majf" : 0,
      "minf" : 15,
      "iodepth_level" : {
        "1" : 0.000000,
        "2" : 0.000000,
        "4" : 0.000000,
        "8" : 0.000000,
        "16" : 0.000000,
        "32" : 100.000000,
        ">=64" : 0.000000
      },
      "iodepth_submit" : {
        "0" : 0.000000,
        "4" : 100.000000,
        "8" : 0.000000,
        "16" : 0.000000,
        "32" : 0.000000,
        "64" : 0.000000,
        ">=64" : 0.000000
      },
      "iodepth_complete" : {
        "0" : 0.000000,
        "4" : 99.999559,
        "8" : 0.000000,
        "16" : 0.000000,
        "32" : 0.100000,
        "64" : 0.000000,
        ">=64" : 0.000000
      },
      "latency_ns" : {
        "2" : 0.000000,
        "4" : 0.000000,
        "10" : 0.000000,
        "20" : 0.000000,
        "50" : 0.000000,
        "100" : 0.000000,
        "250" : 0.000000,
        "500" : 0.000000,
        "750" : 0.000000,
        "1000" : 0.000000
      },
      "latency_us" : {
        "2" : 0.000000,
        "4" : 0.000000,
        "10" : 0.000000,
        "20" : 0.010000,
        "50" : 15.621540,
        "100" : 6.928055,
        "250" : 15.571250,
        "500" : 16.296920,
        "750" : 9.981163,
        "1000" : 9.365336
      },
      "latency_ms" : {
        "2" : 19.725436,
        "4" : 6.303405,
        "10" : 0.220127,
        "20" : 0.000000,
        "50" : 0.000000,
        "100" : 0.000000,
        "250" : 0.000000,
        "500" : 0.000000,
        "750" : 0.000000,
        "1000" : 0.000000,
        "2000" : 0.000000,
        ">=2000" : 0.000000
      },
      "latency_depth" : 32,
      "latency_target" : 0,
      "latency_percentile" : 100.000000,
      "latency_window" : 0
    }
  ],