{
  "fio version" : "fio-3.16",
  "timestamp" : 1698783850,
  "timestamp_ms" : 1698783850013,
  "time" : "Tue Oct 31 14:24:10 2023",
  "jobs" : [
    {
      "jobname" : "libaio_readwrite_iodepth_2",
      "groupid" : 0,
      "error" : 0,
      "eta" : 0,
      "elapsed" : 10,
      "job options" : {
        "name" : "libaio_readwrite_iodepth_2",
        "filename" : "data/libaio_readwrite_iodepth_2.fio",
        "ioengine" : "libaio",
        "size" : "1m",
        "runtime" : "5",
        "ramp_time" : "4",
        "rw" : "readwrite",
        "direct" : "1",
        "iodepth" : "2"
      },
      "read" : {
        "io_bytes" : 218435584,
        "io_kbytes" : 213316,
        "bw_bytes" : 43678381,
        "bw" : 42654,
        "iops" : 10663.467307,
        "runtime" : 5001,
        "total_ios" : 53328,
        "short_ios" : 0,
        "drop_ios" : 0,
        "slat_ns" : {
          "min" : 3156,
          "max" : 20509,
          "mean" : 4130.811581,
          "stddev" : 1050.154919
        },
        "clat_ns" : {
          "min" : 26920,
          "max" : 4155145,
          "mean" : 147422.638564,
          "stddev" : 324386.911382,
          "percentile" : {
            "1.000000" : 43264,
            "5.000000" : 61184,
            "10.000000" : 62720,
            "20.000000" : 64768,
            "30.000000" : 66048,
            "40.000000" : 69120,
            "50.000000" : 77312,
            "60.000000" : 102912,
            "70.000000" : 132096,
            "80.000000" : 150528,
            "90.000000" : 193536,
            "95.000000" : 261120,
            "99.000000" : 2310144,
            "99.500000" : 3063808,
            "99.900000" : 3620864,
            "99.950000" : 3686400,
            "99.990000" : 3915776
          }
        },
        "lat_ns" : {
          "min" : 32461,
          "max" : 4159202,
          "mean" : 151625.809860,
          "stddev" : 324364.275088
        },
        "bw_min" : 34696,
        "bw_max" : 51944,
        "bw_agg" : 100.000000,
        "bw_mean" : 43115.555556,
        "bw_dev" : 6354.329688,
        "bw_samples" : 9,
        "iops_min" : 8674,
        "iops_max" : 12986,
        "iops_mean" : 10778.888889,
        "iops_stddev" : 1588.582422,
        "iops_samples" : 9
      },
      "write" : {
        "io_bytes" : 217288704,
        "io_kbytes" : 212196,
        "bw_bytes" : 43449050,
        "bw" : 42430,
        "iops" : 10607.678464,
        "runtime" : 5001,
        "total_ios" : 53049,
        "short_ios" : 0,
        "drop_ios" : 0,
        "slat_ns" : {
          "min" : 3376,
          "max" : 24716,
          "mean" : 4287.978548,
          "stddev" : 1029.758224
        },
        "clat_ns" : {
          "min" : 21090,
          "max" : 180589,
          "mean" : 31027.792852,
          "stddev" : 5280.650691,
          "percentile" : {
            "1.000000" : 25984,
            "5.000000" : 27008,
            "10.000000" : 27264,
            "20.000000" : 28032,
            "30.000000" : 28544,
            "40.000000" : 29056,
            "50.000000" : 30080,
            "60.000000" : 30592,
            "70.000000" : 31360,
            "80.000000" : 32128,
            "90.000000" : 35584,
            "95.000000" : 39168,
            "99.000000" : 59136,
            "99.500000" : 62208,
            "99.900000" : 65280,
            "99.950000" : 69120,
            "99.990000" : 114176
          }
        },
        "lat_ns" : {
          "min" : 30407,
          "max" : 184707,
          "mean" : 35388.007729,
          "stddev" : 5249.472368
        },
        "bw_min" : 34712,
        "bw_max" : 52256,
        "bw_agg" : 100.000000,
        "bw_mean" : 42808.000000,
        "bw_dev" : 6283.779754,
        "bw_samples" : 9,
        "iops_min" : 8678,
        "iops_max" : 13064,
        "iops_mean" : 10702.000000,
        "iops_stddev" : 1570.944939,
        "iops_samples" : 9
      },
      "trim" : {
        "io_bytes" : 0,
        "io_kbytes" : 0,
        "bw_bytes" : 0,
        "bw" : 0,
        "iops" : 0.000000,
        "runtime" : 0,
        "total_ios" : 0,
        "short_ios" : 0,
        "drop_ios" : 0,
        "slat_ns" : {
          "min" : 0,
          "max" : 0,
          "mean" : 0.000000,
          "stddev" : 0.000000
        },
        "clat_ns" : {
          "min" : 0,
          "max" : 0,
          "mean" : 0.000000,
          "stddev" : 0.000000,
          "percentile" : {
            "1.000000" : 0,
            "5.000000" : 0,
            "10.000000" : 0,
            "20.000000" : 0,
            "30.000000" : 0,
            "40.000000" : 0,
            "50.000000" : 0,
            "60.000000" : 0,
            "70.000000" : 0,
            "80.000000" : 0,
            "90.000000" : 0,
            "95.000000" : 0,
            "99.000000" : 0,
            "99.500000" : 0,
            "99.900000" : 0,
            "99.950000" : 0,
            "99.990000" : 0
          }
        },
        "lat_ns" : {
          "min" : 0,
          "max" : 0,
          "mean" : 0.000000,
          "stddev" : 0.000000
        },
        "bw_min" : 0,
        "bw_max" : 0,
        "bw_agg" : 0.000000,
        "bw_mean" : 0.000000,
        "bw_dev" : 0.000000,
        "bw_samples" : 0,
        "iops_min" : 0,
        "iops_max" : 0,
        "iops_mean" : 0.000000,
        "iops_stddev" : 0.000000,
        "iops_samples" : 0
      },
      "sync" : {
        "lat_ns" : {
          "min" : 0,
          "max" : 0,
          "mean" : 0.000000,
          "stddev" : 0.000000,
          "percentile" : {
            "1.000000" : 0,
            "5.000000" : 0,
            "10.000000" : 0,
            "20.000000" : 0,
            "30.000000" : 0,
            "40.000000" : 0,
            "50.000000" : 0,
            "60.000000" : 0,
            "70.000000" : 0,
            "80.000000" : 0,
            "90.000000" : 0,
            "95.000000" : 0,
            "99.000000" : 0,
            "99.500000" : 0,
            "99.900000" : 0,
            "99.950000" : 0,
            "99.990000" : 0
          }
        },
        "total_ios" : 0
      },
      "job_runtime" : 5000,
      "usr_cpu" : 3.100000,
      "sys_cpu" : 10.780000,
      "ctx" : 102650,
      "majf" : 0,
      "minf" : 15,
      "iodepth_level" : {
        "1" : 0.000000,
        "2" : 100.000000,
        "4" : 0.000000,
        "8" : 0.000000,
        "16" : 0.000000,
        "32" : 0.000000,
        ">=64" : 0.000000
      },
      "iodepth_submit" : {
        "0" : 0.000000,
        "4" : 100.000000,
        "8" : 0.000000,
        "16" : 0.000000,
        "32" : 0.000000,
        "64" : 0.000000,
        ">=64" : 0.000000
      },
      "iodepth_complete" : {
        "0" : 0.000000,
        "4" : 100.000000,
        "8" : 0.000000,
        "16" : 0.000000,
        "32" : 0.000000,
        "64" : 0.000000,
        ">=64" : 0.000000
      },
      "latency_ns" : {
        "2" : 0.000000,
        "4" : 0.000000,
        "10" : 0.000000,
        "20" : 0.000000,
        "50" : 0.000000,
        "100" : 0.000000,
        "250" : 0.000000,
        "500" : 0.000000,
        "750" : 0.000000,
        "1000" : 0.000000
      },
      "latency_us" : {
        "2" : 0.000000,
        "4" : 0.000000,
        "10" : 0.000000,
        "20" : 0.000000,
        "50" : 49.573686,
        "100" : 30.030928,
        "250" : 17.690854,
        "500" : 1.474003,
        "750" : 0.497288,
        "1000" : 0.098706
      },
      "latency_ms" : {
        "2" : 0.091185,
        "4" : 0.540530,
        "10" : 0.010000,
        "20" : 0.000000,
        "50" : 0.000000,
        "100" : 0.000000,
        "250" : 0.000000,
        "500" : 0.000000,
        "750" : 0.000000,
        "1000" : 0.000000,
        "2000" : 0.000000,
        ">=2000" : 0.000000
      },
      "latency_depth" : 2,
      "latency_target" : 0,
      "latency_percentile" : 100.000000,
      "latency_window" : 0
    }
  ],
  "disk_util" : [
    {
      "name" : "sda",