{
  "fio version" : "fio-3.16",
  "timestamp" : 1698783897,
  "timestamp_ms" : 1698783897355,
  "time" : "Tue Oct 31 14:24:57 2023",
  "jobs" : [
    {
      "jobname" : "libaio_readwrite_iodepth_64",
      "groupid" : 0,
      "error" : 0,
      "eta" : 0,
      "elapsed" : 10,
      "job options" : {
        "name" : "libaio_readwrite_iodepth_64",
        "filename" : "data/libaio_readwrite_iodepth_64.fio",
        "ioengine" : "libaio",
        "size" : "1m",
        "runtime" : "5",
        "ramp_time" : "4",
        "rw" : "readwrite",
        "direct" : "1",
        "iodepth" : "64"
      },
      "read" : {
        "io_bytes" : 615665664,
        "io_kbytes" : 601236,
        "bw_bytes" : 123083899,
        "bw" : 120199,
        "iops" : 30037.584966,
        "runtime" : 5002,
        "total_ios" : 150248,
        "short_ios" : 0,
        "drop_ios" : 0,
        "slat_ns" : {
          "min" : 1242,
          "max" : 35487,
          "mean" : 1965.622271,
          "stddev" : 1322.108314
        },
        "clat_ns" : {
          "min" : 96010,
          "max" : 10833242,
          "mean" : 1763661.127318,
          "stddev" : 1038934.297102,
          "percentile" : {
            "1.000000" : 436224,
            "5.000000" : 626688,
            "10.000000" : 741376,
            "20.000000" : 921600,
            "30.000000" : 1089536,
            "40.000000" : 1269760,
            "50.000000" : 1499136,
            "60.000000" : 1744896,
            "70.000000" : 2023424,
            "80.000000" : 2473984,
            "90.000000" : 3260416,
            "95.000000" : 3784704,
            "99.000000" : 4882432,
            "99.500000" : 5472256,
            "99.900000" : 8355840,
            "99.950000" : 9109504,
            "99.990000" : 10551296
          }
        },
        "lat_ns" : {
          "min" : 97723,
          "max" : 10834625,
          "mean" : 1765681.004551,
          "stddev" : 1038883.257806
        },
        "bw_min" : 100143,
        "bw_max" : 135960,
        "bw_agg" : 99.996755,
        "bw_mean" : 120195.100000,
        "bw_dev" : 13104.660684,
        "bw_samples" : 10,
        "iops_min" : 25035,
        "iops_max" : 33990,
        "iops_mean" : 30048.700000,
        "iops_stddev" : 3276.292690,
        "iops_samples" : 10
      },
      "write" : {
        "io_bytes" : 618348544,
        "io_kbytes" : 603856,
        "bw_bytes" : 123620260,
        "bw" : 120722,
        "iops" : 30180.327869,
        "runtime" : 5002,
        "total_ios" : 150962,
        "short_ios" : 0,
        "drop_ios" : 0,
        "slat_ns" : {
          "min" : 1293,
          "max" : 29275,
          "mean" : 2058.920715,
          "stddev" : 1343.920548
        },
        "clat_ns" : {
          "min" : 26710,
          "max" : 8195163,
          "mean" : 360814.878262,
          "stddev" : 291886.533159,
          "percentile" : {
            "1.000000" : 63744,
            "5.000000" : 90624,
            "10.000000" : 113152,
            "20.000000" : 152576,
            "30.000000" : 191488,
            "40.000000" : 238592,
            "50.000000" : 292864,
            "60.000000" : 362496,
            "70.000000" : 436224,
            "80.000000" : 528384,
            "90.000000" : 659456,
            "95.000000" : 765952,
            "99.000000" : 1433600,
            "99.500000" : 2056192,
            "99.900000" : 3031040,
            "99.950000" : 3457024,
            "99.990000" : 4685824
          }
        },
        "lat_ns" : {
          "min" : 32952,
          "max" : 8197658,
          "mean" : 362931.770210,
          "stddev" : 291907.425699
        },
        "bw_min" : 100023,
        "bw_max" : 137672,
        "bw_agg" : 100.000000,
        "bw_mean" : 120732.700000,
        "bw_dev" : 12917.669570,
        "bw_samples" : 10,
        "iops_min" : 25005,
        "iops_max" : 34418,
        "iops_mean" : 30183.100000,
        "iops_stddev" : 3229.550999,
        "iops_samples" : 10
      },
      "trim" : {
        "io_bytes" : 0,
        "io_kbytes" : 0,
        "bw_bytes" : 0,
        "bw" : 0,
        "iops" : 0.000000,
        "runtime" : 0,
        "total_ios" : 0,
        "short_ios" : 0,
        "drop_ios" : 0,
        "slat_ns" : {
          "min" : 0,
          "max" : 0,
          "mean" : 0.000000,
          "stddev" : 0.000000
        },
        "clat_ns" : {
          "min" : 0,
          "max" : 0,
          "mean" : 0.000000,
          "stddev" : 0.000000,
          "percentile" : {
            "1.000000" : 0,
            "5.000000" : 0,
            "10.000000" : 0,
            "20.000000" : 0,
            "30.000000" : 0,
            "40.000000" : 0,
            "50.000000" : 0,
            "60.000000" : 0,
            "70.000000" : 0,
            "80.000000" : 0,
            "90.000000" : 0,
            "95.000000" : 0,
            "99.000000" : 0,
            "99.500000" : 0,
            "99.900000" : 0,
            "99.950000" : 0,
            "99.990000" : 0
          }
        },
        "lat_ns" : {
          "min" : 0,
          "max" : 0,
          "mean" : 0.000000,
          "stddev" : 0.000000
        },
        "bw_min" : 0,
        "bw_max" : 0,
        "bw_agg" : 0.000000,
        "bw_mean" : 0.000000,
        "bw_dev" : 0.000000,
        "bw_samples" : 0,
        "iops_min" : 0,
        "iops_max" : 0,
        "iops_mean" : 0.000000,
        "iops_stddev" : 0.000000,
        "iops_samples" : 0
      },
      "sync" : {
        "lat_ns" : {
          "min" : 0,
          "max" : 0,
          "mean" : 0.000000,
          "stddev" : 0.000000,
          "percentile" : {
            "1.000000" : 0,
            "5.000000" : 0,
            "10.000000" : 0,
            "20.000000" : 0,
            "30.000000" : 0,
            "40.000000" : 0,
            "50.000000" : 0,
            "60.000000" : 0,
            "70.000000" : 0,
            "80.000000" : 0,
            "90.000000" : 0,
            "95.000000" : 0,
            "99.000000" : 0,
            "99.500000" : 0,
            "99.900000" : 0,
            "99.950000" : 0,
            "99.990000" : 0
          }
        },
        "total_ios" : 0
      },
      "job_runtime" : 5001,
      "usr_cpu" : 3.939212,
      "sys_cpu" : 14.337133,
      "ctx" : 133803,
      "majf" : 0,
      "minf" : 16,
      "iodepth_level" : {
        "1" : 0.000000,
        "2" : 0.000000,
        "4" : 0.000000,
        "8" : 0.000000,
        "16" : 0.000000,
        "32" : 0.000000,
        ">=64" : 100.000000
      },
      "iodepth_submit" : {
        "0" : 0.000000,
        "4" : 100.000000,
        "8" : 0.000000,
        "16" : 0.000000,
        "32" : 0.000000,
        "64" : 0.000000,
        ">=64" : 0.000000
      },
      "iodepth_complete" : {
        "0" : 0.000000,
        "4" : 99.999668,
        "8" : 0.000000,
        "16" : 0.000000,
        "32" : 0.000000,
        "64" : 0.100000,
        ">=64" : 0.000000
      },
      "latency_ns" : {
        "2" : 0.000000,
        "4" : 0.000000,
        "10" : 0.000000,
        "20" : 0.000000,
        "50" : 0.000000,
        "100" : 0.000000,
        "250" : 0.000000,
        "500" : 0.000000,
        "750" : 0.000000,
        "1000" : 0.000000
      },
      "latency_us" : {
        "2" : 0.000000,
        "4" : 0.000000,
        "10" : 0.000000,
        "20" : 0.000000,
        "50" : 0.104578,
        "100" : 3.353142,
        "250" : 17.712891,
        "500" : 18.263006,
        "750" : 13.211049,
        "1000" : 8.977126
      },
      "latency_ms" : {
        "2" : 22.725009,
        "4" : 13.794031,
        "10" : 1.868796,
        "20" : 0.011288,
        "50" : 0.000000,
        "100" : 0.000000,
        "250" : 0.000000,
        "500" : 0.000000,
        "750" : 0.000000,
        "1000" : 0.000000,
        "2000" : 0.000000,
        ">=2000" : 0.000000
      },
      "latency_depth" : 64,
      "latency_target" : 0,
      "latency_percentile" : 100.000000,