{
  "fio version" : "fio-3.16",
  "timestamp" : 1698783859,
  "timestamp_ms" : 1698783859478,
  "time" : "Tue Oct 31 14:24:19 2023",
  "jobs" : [
    {
      "jobname" : "libaio_readwrite_iodepth_4",
      "groupid" : 0,
      "error" : 0,
      "eta" : 0,
      "elapsed" : 10,
      "job options" : {
        "name" : "libaio_readwrite_iodepth_4",
        "filename" : "data/libaio_readwrite_iodepth_4.fio",
        "ioengine" : "libaio",
        "size" : "1m",
        "runtime" : "5",
        "ramp_time" : "4",
        "rw" : "readwrite",
        "direct" : "1",
        "iodepth" : "4"
      },
      "read" : {
        "io_bytes" : 280743936,
        "io_kbytes" : 274164,
        "bw_bytes" : 56126336,
        "bw" : 54810,
        "iops" : 13702.119152,
        "runtime" : 5002,
        "total_ios" : 68538,
        "short_ios" : 0,
        "drop_ios" : 0,
        "slat_ns" : {
          "min" : 3005,
          "max" : 30036,
          "mean" : 4844.128265,
          "stddev" : 2198.013727
        },
        "clat_ns" : {
          "min" : 33283,
          "max" : 3714569,
          "mean" : 244050.604266,
          "stddev" : 423954.862515,
          "percentile" : {
            "1.000000" : 67072,
            "5.000000" : 77312,
            "10.000000" : 86528,
            "20.000000" : 101888,
            "30.000000" : 117248,
            "40.000000" : 138240,
            "50.000000" : 154624,
            "60.000000" : 173056,
            "70.000000" : 193536,
            "80.000000" : 228352,
            "90.000000" : 305152,
            "95.000000" : 569344,
            "99.000000" : 2998272,
            "99.500000" : 3096576,
            "99.900000" : 3260416,
            "99.950000" : 3325952,
            "99.990000" : 3522560
          }
        },
        "lat_ns" : {
          "min" : 44443,
          "max" : 3718396,
          "mean" : 248967.131206,
          "stddev" : 423837.592711
        },
        "bw_min" : 44872,
        "bw_max" : 66408,
        "bw_agg" : 100.000000,
        "bw_mean" : 54818.500000,
        "bw_dev" : 7690.830922,
        "bw_samples" : 10,
        "iops_min" : 11218,
        "iops_max" : 16602,
        "iops_mean" : 13704.600000,
        "iops_stddev" : 1922.706206,
        "iops_samples" : 10
      },
      "write" : {
        "io_bytes" : 281120768,
        "io_kbytes" : 274532,
        "bw_bytes" : 56201672,
        "bw" : 54884,
        "iops" : 13721.111555,
        "runtime" : 5002,
        "total_ios" : 68633,
        "short_ios" : 0,
        "drop_ios" : 0,
        "slat_ns" : {
          "min" : 3146,
          "max" : 31640,
          "mean" : 5046.781490,
          "stddev" : 2213.530447
        },
        "clat_ns" : {
          "min" : 22191,
          "max" : 172884,
          "mean" : 37048.677415,
          "stddev" : 10165.107645,
          "percentile" : {
            "1.000000" : 25728,
            "5.000000" : 27008,
            "10.000000" : 27520,
            "20.000000" : 28544,
            "30.000000" : 29824,
            "40.000000" : 31872,
            "50.000000" : 35072,
            "60.000000" : 37632,
            "70.000000" : 40192,
            "80.000000" : 43776,
            "90.000000" : 49920,
            "95.000000" : 55552,
            "99.000000" : 74240,
            "99.500000" : 80384,
            "99.900000" : 102912,
            "99.950000" : 111104,
            "99.990000" : 138240
          }
        },
        "lat_ns" : {
          "min" : 30247,
          "max" : 176912,
          "mean" : 42167.840747,
          "stddev" : 10227.781030
        },
        "bw_min" : 43936,
        "bw_max" : 67640,
        "bw_agg" : 100.000000,
        "bw_mean" : 54895.200000,
        "bw_dev" : 7691.825571,
        "bw_samples" : 10,
        "iops_min" : 10984,
        "iops_max" : 16910,
        "iops_mean" : 13723.800000,
        "iops_stddev" : 1922.956393,
        "iops_samples" : 10
      },
      "trim" : {
        "io_bytes" : 0,
        "io_kbytes" : 0,
        "bw_bytes" : 0,
        "bw" : 0,
        "iops" : 0.000000,
        "runtime" : 0,
        "total_ios" : 0,
        "short_ios" : 0,
        "drop_ios" : 0,
        "slat_ns" : {
          "min" : 0,
          "max" : 0,
          "mean" : 0.000000,
          "stddev" : 0.000000
        },
        "clat_ns" : {
          "min" : 0,
          "max" : 0,
          "mean" : 0.000000,
          "stddev" : 0.000000,
          "percentile" : {
            "1.000000" : 0,
            "5.000000" : 0,
            "10.000000" : 0,
            "20.000000" : 0,
            "30.000000" : 0,
            "40.000000" : 0,
            "50.000000" : 0,
            "60.000000" : 0,
            "70.000000" : 0,
            "80.000000" : 0,
            "90.000000" : 0,
            "95.000000" : 0,
            "99.000000" : 0,
            "99.500000" : 0,
            "99.900000" : 0,
            "99.950000" : 0,
            "99.990000" : 0
          }
        },
        "lat_ns" : {
          "min" : 0,
          "max" : 0,
          "mean" : 0.000000,
          "stddev" : 0.000000
        },
        "bw_min" : 0,
        "bw_max" : 0,
        "bw_agg" : 0.000000,
        "bw_mean" : 0.000000,
        "bw_dev" : 0.000000,
        "bw_samples" : 0,
        "iops_min" : 0,
        "iops_max" : 0,
        "iops_mean" : 0.000000,
        "iops_stddev" : 0.000000,
        "iops_samples" : 0
      },
      "sync" : {
        "lat_ns" : {
          "min" : 0,
          "max" : 0,
          "mean" : 0.000000,
          "stddev" : 0.000000,
          "percentile" : {
            "1.000000" : 0,
            "5.000000" : 0,
            "10.000000" : 0,
            "20.000000" : 0,
            "30.000000" : 0,
            "40.000000" : 0,
            "50.000000" : 0,
            "60.000000" : 0,
            "70.000000" : 0,
            "80.000000" : 0,
            "90.000000" : 0,
            "95.000000" : 0,
            "99.000000" : 0,
            "99.500000" : 0,
            "99.900000" : 0,
            "99.950000" : 0,
            "99.990000" : 0
          }
        },
        "total_ios" : 0
      },
      "job_runtime" : 5001,
      "usr_cpu" : 3.199360,
      "sys_cpu" : 16.016797,
      "ctx" : 111808,
      "majf" : 0,
      "minf" : 15,
      "iodepth_level" : {
        "1" : 0.000000,
        "2" : 0.000000,
        "4" : 100.000000,
        "8" : 0.000000,
        "16" : 0.000000,
        "32" : 0.000000,
        ">=64" : 0.000000
      },
      "iodepth_submit" : {
        "0" : 0.000000,
        "4" : 100.000000,
        "8" : 0.000000,
        "16" : 0.000000,
        "32" : 0.000000,
        "64" : 0.000000,
        ">=64" : 0.000000
      },
      "iodepth_complete" : {
        "0" : 0.000000,
        "4" : 100.000000,
        "8" : 0.000000,
        "16" : 0.000000,
        "32" : 0.000000,
        "64" : 0.000000,
        ">=64" : 0.000000
      },
      "latency_ns" : {
        "2" : 0.000000,
        "4" : 0.000000,
        "10" : 0.000000,
        "20" : 0.000000,
        "50" : 0.000000,
        "100" : 0.000000,
        "250" : 0.000000,
        "500" : 0.000000,
        "750" : 0.000000,
        "1000" : 0.000000
      },
      "latency_us" : {
        "2" : 0.000000,
        "4" : 0.000000,
        "10" : 0.000000,
        "20" : 0.000000,
        "50" : 45.140008,
        "100" : 14.284360,
        "250" : 32.584876,
        "500" : 5.291206,
        "750" : 0.931684,
        "1000" : 0.359405
      },
      "latency_ms" : {
        "2" : 0.289420,
        "4" : 1.121228,
        "10" : 0.000000,
        "20" : 0.000000,
        "50" : 0.000000,
        "100" : 0.000000,
        "250" : 0.000000,
        "500" : 0.000000,
        "750" : 0.000000,
        "1000" : 0.000000,
        "2000" : 0.000000,
        ">=2000" : 0.000000
      },
      "latency_depth" : 4,
      "latency_target" : 0,
      "latency_percentile" : 100.000000,
      "latency_window" : 0
    }
  ],
  "disk_util" : [
    {
      "name" : "sda",