{
  "fio version" : "fio-3.16",
  "timestamp" : 1698783840,
  "timestamp_ms" : 1698783840551,
  "time" : "Tue Oct 31 14:24:00 2023",
  "jobs" : [
    {
      "jobname" : "libaio_readwrite_iodepth_1",
      "groupid" : 0,
      "error" : 0,
      "eta" : 0,
      "elapsed" : 10,
      "job options" : {
        "name" : "libaio_readwrite_iodepth_1",
        "filename" : "data/libaio_readwrite_iodepth_1.fio",
        "ioengine" : "libaio",
        "size" : "1m",
        "runtime" : "5",
        "ramp_time" : "4",
        "rw" : "readwrite",
        "direct" : "1",
        "iodepth" : "1"
      },
      "read" : {
        "io_bytes" : 135770112,
        "io_kbytes" : 132588,
        "bw_bytes" : 27148592,
        "bw" : 26512,
        "iops" : 6628.074385,
        "runtime" : 5001,
        "total_ios" : 33147,
        "short_ios" : 0,
        "drop_ios" : 0,
        "slat_ns" : {
          "min" : 2745,
          "max" : 22492,
          "mean" : 3082.397623,
          "stddev" : 394.192952
        },
        "clat_ns" : {
          "min" : 24526,
          "max" : 3499675,
          "mean" : 117875.693668,
          "stddev" : 241988.862300,
          "percentile" : {
            "1.000000" : 33536,
            "5.000000" : 58112,
            "10.000000" : 59136,
            "20.000000" : 60672,
            "30.000000" : 61696,
            "40.000000" : 62720,
            "50.000000" : 63744,
            "60.000000" : 64768,
            "70.000000" : 94720,
            "80.000000" : 140288,
            "90.000000" : 166912,
            "95.000000" : 201728,
            "99.000000" : 774144,
            "99.500000" : 2506752,
            "99.900000" : 2932736,
            "99.950000" : 2998272,
            "99.990000" : 3325952
          }
        },
        "lat_ns" : {
          "min" : 27492,
          "max" : 3502931,
          "mean" : 121028.717622,
          "stddev" : 241990.022195
        },
        "bw_min" : 24856,
        "bw_max" : 29160,
        "bw_agg" : 100.000000,
        "bw_mean" : 26721.777778,
        "bw_dev" : 1715.728546,
        "bw_samples" : 9,
        "iops_min" : 6214,
        "iops_max" : 7290,
        "iops_mean" : 6680.444444,
        "iops_stddev" : 428.932137,
        "iops_samples" : 9
      },
      "write" : {
        "io_bytes" : 135131136,
        "io_kbytes" : 131964,
        "bw_bytes" : 27020823,
        "bw" : 26387,
        "iops" : 6596.880624,
        "runtime" : 5001,
        "total_ios" : 32991,
        "short_ios" : 0,
        "drop_ios" : 0,
        "slat_ns" : {
          "min" : 2815,
          "max" : 24616,
          "mean" : 3242.258495,
          "stddev" : 377.676949
        },
        "clat_ns" : {
          "min" : 22743,
          "max" : 140995,
          "mean" : 25894.782092,
          "stddev" : 2187.870295,
          "percentile" : {
            "1.000000" : 24192,
            "5.000000" : 24448,
            "10.000000" : 24704,
            "20.000000" : 24960,
            "30.000000" : 25216,
            "40.000000" : 25472,
            "50.000000" : 25472,
            "60.000000" : 25728,
            "70.000000" : 25984,
            "80.000000" : 25984,
            "90.000000" : 26496,
            "95.000000" : 27776,
            "99.000000" : 36608,
            "99.500000" : 39168,
            "99.900000" : 47872,
            "99.950000" : 50944,
            "99.990000" : 58624
          }
        },
        "lat_ns" : {
          "min" : 26830,
          "max" : 144281,
          "mean" : 29207.233700,
          "stddev" : 2259.929240
        },
        "bw_min" : 24216,
        "bw_max" : 28352,
        "bw_agg" : 100.000000,
        "bw_mean" : 26470.111111,
        "bw_dev" : 1476.224275,
        "bw_samples" : 9,
        "iops_min" : 6054,
        "iops_max" : 7088,
        "iops_mean" : 6617.444444,
        "iops_stddev" : 368.952948,
        "iops_samples" : 9
      },
      "trim" : {
        "io_bytes" : 0,
        "io_kbytes" : 0,
        "bw_bytes" : 0,
        "bw" : 0,
        "iops" : 0.000000,
        "runtime" : 0,
        "total_ios" : 0,
        "short_ios" : 0,
        "drop_ios" : 0,
        "slat_ns" : {
          "min" : 0,
          "max" : 0,
          "mean" : 0.000000,
          "stddev" : 0.000000
        },
        "clat_ns" : {
          "min" : 0,
          "max" : 0,
          "mean" : 0.000000,
          "stddev" : 0.000000,
          "percentile" : {
            "1.000000" : 0,
            "5.000000" : 0,
            "10.000000" : 0,
            "20.000000" : 0,
            "30.000000" : 0,
            "40.000000" : 0,
            "50.000000" : 0,
            "60.000000" : 0,
            "70.000000" : 0,
            "80.000000" : 0,
            "90.000000" : 0,
            "95.000000" : 0,
            "99.000000" : 0,
            "99.500000" : 0,
            "99.900000" : 0,
            "99.950000" : 0,
            "99.990000" : 0
          }
        },
        "lat_ns" : {
          "min" : 0,
          "max" : 0,
          "mean" : 0.000000,
          "stddev" : 0.000000
        },
        "bw_min" : 0,
        "bw_max" : 0,
        "bw_agg" : 0.000000,
        "bw_mean" : 0.000000,
        "bw_dev" : 0.000000,
        "bw_samples" : 0,
        "iops_min" : 0,
        "iops_max" : 0,
        "iops_mean" : 0.000000,
        "iops_stddev" : 0.000000,
        "iops_samples" : 0
      },
      "sync" : {
        "lat_ns" : {
          "min" : 0,
          "max" : 0,
          "mean" : 0.000000,
          "stddev" : 0.000000,
          "percentile" : {
            "1.000000" : 0,
            "5.000000" : 0,
            "10.000000" : 0,
            "20.000000" : 0,
            "30.000000" : 0,
            "40.000000" : 0,
            "50.000000" : 0,
            "60.000000" : 0,
            "70.000000" : 0,
            "80.000000" : 0,
            "90.000000" : 0,
            "95.000000" : 0,
            "99.000000" : 0,
            "99.500000" : 0,
            "99.900000" : 0,
            "99.950000" : 0,
            "99.990000" : 0
          }
        },
        "total_ios" : 0
      },
      "job_runtime" : 5000,
      "usr_cpu" : 1.720000,
      "sys_cpu" : 5.500000,
      "ctx" : 66138,
      "majf" : 0,
      "minf" : 15,
      "iodepth_level" : {
        "1" : 100.000000,
        "2" : 0.000000,
        "4" : 0.000000,
        "8" : 0.000000,
        "16" : 0.000000,
        "32" : 0.000000,
        ">=64" : 0.000000
      },
      "iodepth_submit" : {
        "0" : 0.000000,
        "4" : 100.000000,
        "8" : 0.000000,
        "16" : 0.000000,
        "32" : 0.000000,
        "64" : 0.000000,
        ">=64" : 0.000000
      },
      "iodepth_complete" : {
        "0" : 0.000000,
        "4" : 100.000000,
        "8" : 0.000000,
        "16" : 0.000000,
        "32" : 0.000000,
        "64" : 0.000000,
        ">=64" : 0.000000
      },
      "latency_ns" : {
        "2" : 0.000000,
        "4" : 0.000000,
        "10" : 0.000000,
        "20" : 0.000000,
        "50" : 0.000000,
        "100" : 0.000000,
        "250" : 0.000000,
        "500" : 0.000000,
        "750" : 0.000000,
        "1000" : 0.000000
      },
      "latency_us" : {
        "2" : 0.000000,
        "4" : 0.000000,
        "10" : 0.000000,
        "20" : 0.000000,
        "50" : 50.984306,
        "100" : 34.046993,
        "250" : 13.045450,
        "500" : 0.748435,
        "750" : 0.665276,
        "1000" : 0.089207
      },
      "latency_ms" : {
        "2" : 0.078623,
        "4" : 0.341710,
        "10" : 0.000000,
        "20" : 0.000000,
        "50" : 0.000000,
        "100" : 0.000000,
        "250" : 0.000000,
        "500" : 0.000000,
        "750" : 0.000000,
        "1000" : 0.000000,
        "2000" : 0.000000,
        ">=2000" : 0.000000
      },
      "latency_depth" : 1,
      "latency_target" : 0,
      "latency_percentile" : 100.000000,
      "latency_window" : 0
    }
  ],
  "disk_util" : [
    {
      "name" : "sda",
      "read_ios" : 57800,